t,x,y,yaw,speed,target_y,steering,left_wheel,right_wheel
0.050,2.2997,-0.0000,-0.0001,0.0062,0.00,-0.0018,-0.0018,-0.0018
0.100,2.2987,0.0000,0.0001,0.0195,0.00,0.0019,0.0019,0.0019
0.200,2.2968,0.0000,-0.0007,0.0198,0.00,0.0028,0.0028,0.0028
0.350,2.2935,0.0001,-0.0013,0.0232,0.00,0.0032,0.0032,0.0032
0.450,2.2911,0.0001,-0.0014,0.0248,0.00,0.0030,0.0030,0.0030
0.550,2.2885,0.0001,-0.0013,0.0260,0.00,0.0027,0.0027,0.0027
0.600,2.2872,0.0001,-0.0012,0.0264,0.00,0.0026,0.0026,0.0026
0.700,2.2845,0.0001,-0.0011,0.0272,0.00,0.0024,0.0024,0.0024
0.800,2.2817,0.0001,-0.0010,0.0277,0.00,0.0022,0.0022,0.0022
0.900,2.2789,0.0001,-0.0009,0.0281,0.00,0.0020,0.0020,0.0020
1.000,2.2761,0.0001,-0.0008,0.0284,0.00,0.0019,0.0019,0.0019
1.100,2.2732,0.0001,-0.0007,0.0286,0.00,0.0017,0.0017,0.0017
1.200,2.2703,0.0001,-0.0006,0.0288,0.00,0.0017,0.0017,0.0017
1.300,2.2675,0.0001,-0.0006,0.0289,0.00,0.0016,0.0016,0.0016
1.400,2.2646,0.0001,-0.0006,0.0290,0.00,0.0015,0.0015,0.0015
1.500,2.2617,0.0001,-0.0005,0.0290,0.00,0.0015,0.0015,0.0015
1.600,2.2587,0.0001,-0.0005,0.0291,0.00,0.0014,0.0014,0.0014
1.700,2.2558,0.0001,-0.0005,0.0291,0.00,0.0014,0.0014,0.0014
1.800,2.2529,0.0001,-0.0004,0.0292,0.00,0.0014,0.0014,0.0014
1.900,2.2500,0.0001,-0.0004,0.0292,0.00,0.0013,0.0013,0.0013
2.000,2.2471,0.0001,-0.0004,0.0292,0.00,0.0013,0.0013,0.0013
2.100,2.2442,0.0001,-0.0004,0.0292,0.00,0.0013,0.0013,0.0013
2.250,2.2398,0.0001,-0.0003,0.0292,0.00,0.0012,0.0012,0.0012
2.350,2.2369,0.0001,-0.0003,0.0292,0.00,0.0012,0.0012,0.0012
2.450,2.2339,0.0001,-0.0003,0.0292,0.00,0.0012,0.0012,0.0012
2.550,2.2310,0.0001,-0.0003,0.0292,0.00,0.0011,0.0011,0.0011
2.650,2.2281,0.0001,-0.0003,0.0292,0.00,0.0011,0.0011,0.0011
2.750,2.2252,0.0001,-0.0002,0.0292,0.00,0.0011,0.0011,0.0011
2.850,2.2223,0.0001,-0.0002,0.0292,0.00,0.0011,0.0011,0.0011
2.950,2.2193,0.0001,-0.0002,0.0292,0.00,0.0010,0.0010,0.0010
3.050,2.2164,0.0001,-0.0002,0.0292,0.00,0.0010,0.0010,0.0010
3.150,2.2135,0.0001,-0.0002,0.0292,0.00,0.0010,0.0010,0.0010
3.250,2.2106,0.0001,-0.0001,0.0292,0.00,0.0010,0.0010,0.0010
3.350,2.2076,0.0001,-0.0001,0.0292,0.00,0.0009,0.0009,0.0009
3.450,2.2047,0.0001,-0.0001,0.0292,0.00,0.0009,0.0009,0.0009
3.550,2.2018,0.0001,-0.0001,0.0292,0.00,0.0009,0.0009,0.0009
3.650,2.1989,0.0001,-0.0001,0.0292,0.00,0.0009,0.0009,0.0009
3.750,2.1959,0.0001,-0.0000,0.0292,0.00,0.0008,0.0008,0.0008
3.850,2.1930,0.0001,-0.0000,0.0292,0.00,0.0008,0.0008,0.0008
3.950,2.1901,0.0001,-0.0000,0.0292,0.00,0.0008,0.0008,0.0008
4.050,2.1872,0.0001,0.0000,0.0292,0.00,0.0008,0.0008,0.0008
4.150,2.1843,0.0001,0.0000,0.0292,0.00,0.0007,0.0007,0.0007
4.250,2.1813,0.0001,0.0000,0.0292,0.00,0.0007,0.0007,0.0007
4.350,2.1784,0.0001,0.0001,0.0292,0.00,0.0007,0.0007,0.0007
4.450,2.1755,0.0001,0.0001,0.0292,0.00,0.0006,0.0006,0.0006
4.550,2.1726,0.0001,0.0001,0.0292,0.00,0.0006,0.0006,0.0006
4.650,2.1696,0.0001,0.0001,0.0292,0.00,0.0006,0.0006,0.0006
4.750,2.1667,0.0001,0.0001,0.0292,0.00,0.0006,0.0006,0.0006
4.850,2.1638,0.0001,0.0002,0.0292,0.00,0.0005,0.0005,0.0005
4.950,2.1609,0.0001,0.0002,0.0292,0.00,0.0005,0.0005,0.0005
5.050,2.1580,0.0001,0.0002,0.0292,0.00,0.0005,0.0005,0.0005
5.150,2.1550,0.0001,0.0002,0.0292,0.00,0.0004,0.0004,0.0004
5.250,2.1521,0.0001,0.0002,0.0292,0.00,0.0004,0.0004,0.0004
5.350,2.1492,0.0001,0.0003,0.0292,0.00,0.0004,0.0004,0.0004
5.450,2.1463,0.0001,0.0003,0.0292,0.00,0.0004,0.0004,0.0004
5.550,2.1433,0.0001,0.0003,0.0292,0.00,0.0003,0.0003,0.0003
5.650,2.1404,0.0001,0.0003,0.0292,0.00,0.0003,0.0003,0.0003
5.750,2.1375,0.0001,0.0003,0.0292,0.00,0.0003,0.0003,0.0003
5.850,2.1346,0.0001,0.0003,0.0292,0.00,0.0002,0.0002,0.0002
5.950,2.1316,0.0001,0.0004,0.0292,0.00,0.0002,0.0002,0.0002
6.050,2.1287,0.0001,0.0004,0.0292,0.00,0.0002,0.0002,0.0002
6.150,2.1258,0.0001,0.0004,0.0292,0.00,0.0001,0.0001,0.0001
6.250,2.1229,0.0001,0.0004,0.0292,0.00,0.0001,0.0001,0.0001
6.350,2.1200,0.0001,0.0004,0.0292,0.00,0.0001,0.0001,0.0001
6.450,2.1170,0.0001,0.0005,0.0292,0.00,0.0001,0.0001,0.0001
6.550,2.1141,0.0001,0.0005,0.0292,0.00,0.0000,0.0000,0.0000
6.650,2.1112,0.0001,0.0005,0.0292,0.00,-0.0000,-0.0000,-0.0000
6.750,2.1083,0.0001,0.0005,0.0292,0.00,-0.0000,-0.0000,-0.0000
6.850,2.1053,0.0001,0.0005,0.0292,0.00,-0.0001,-0.0001,-0.0001
6.950,2.1024,0.0001,0.0005,0.0292,0.00,-0.0001,-0.0001,-0.0001
7.050,2.0995,0.0001,0.0006,0.0292,0.00,-0.0001,-0.0001,-0.0001
7.150,2.0966,0.0001,0.0006,0.0292,0.00,-0.0002,-0.0002,-0.0002
7.250,2.0936,0.0001,0.0006,0.0292,0.00,-0.0002,-0.0002,-0.0002
7.350,2.0907,0.0001,0.0006,0.0292,0.00,-0.0002,-0.0002,-0.0002
7.450,2.0878,0.0001,0.0006,0.0292,0.00,-0.0003,-0.0003,-0.0003
7.550,2.0849,0.0001,0.0006,0.0292,0.00,-0.0003,-0.0003,-0.0003
7.650,2.0820,0.0001,0.0007,0.0292,0.00,-0.0003,-0.0003,-0.0003
7.750,2.0790,0.0001,0.0007,0.0292,0.00,-0.0003,-0.0003,-0.0003
7.850,2.0761,0.0001,0.0007,0.0292,0.00,-0.0004,-0.0004,-0.0004
7.950,2.0732,0.0001,0.0007,0.0292,0.00,-0.0004,-0.0004,-0.0004
8.050,2.0703,0.0001,0.0007,0.0292,0.00,-0.0004,-0.0004,-0.0004
8.150,2.0673,0.0001,0.0007,0.0292,0.00,-0.0005,-0.0005,-0.0005
8.250,2.0644,0.0000,0.0008,0.0292,0.00,-0.0005,-0.0005,-0.0005
8.350,2.0615,0.0000,0.0008,0.0292,0.00,-0.0005,-0.0005,-0.0005
8.450,2.0586,0.0000,0.0008,0.0293,0.00,-0.0005,-0.0005,-0.0005
8.500,2.0571,0.0000,0.0008,0.0293,0.00,-0.0005,-0.0005,-0.0005
8.600,2.0542,0.0000,0.0008,0.0293,0.00,-0.0005,-0.0005,-0.0005
8.700,2.0513,0.0000,0.0008,0.0293,0.00,-0.0005,-0.0005,-0.0005
8.800,2.0483,0.0000,0.0008,0.0293,0.00,-0.0005,-0.0005,-0.0005
8.900,2.0454,0.0000,0.0008,0.0293,0.00,-0.0006,-0.0006,-0.0006
9.000,2.0425,0.0000,0.0008,0.0293,0.00,-0.0006,-0.0006,-0.0006
9.100,2.0395,0.0000,0.0008,0.0293,0.00,-0.0006,-0.0006,-0.0006
9.200,2.0366,0.0000,0.0008,0.0293,0.00,-0.0006,-0.0006,-0.0006
9.300,2.0337,0.0000,0.0008,0.0293,0.00,-0.0006,-0.0006,-0.0006
9.400,2.0308,0.0000,0.0008,0.0293,0.00,-0.0007,-0.0007,-0.0007
9.500,2.0278,0.0000,0.0008,0.0293,0.00,-0.0007,-0.0007,-0.0007
9.600,2.0249,0.0000,0.0009,0.0293,0.00,-0.0007,-0.0007,-0.0007
9.700,2.0220,0.0000,0.0009,0.0293,0.00,-0.0007,-0.0007,-0.0007
9.800,2.0191,0.0000,0.0009,0.0293,0.00,-0.0007,-0.0007,-0.0007
9.900,2.0161,0.0000,0.0009,0.0293,0.00,-0.0007,-0.0007,-0.0007
10.000,2.0132,0.0000,0.0009,0.0293,0.00,-0.0008,-0.0008,-0.0008
10.100,2.0103,0.0000,0.0009,0.0293,0.00,-0.0008,-0.0008,-0.0008
10.200,2.0074,0.0000,0.0009,0.0293,0.00,-0.0008,-0.0008,-0.0008
10.300,2.0044,0.0000,0.0009,0.0293,0.00,-0.0008,-0.0008,-0.0008
10.400,2.0015,0.0000,0.0009,0.0293,0.00,-0.0008,-0.0008,-0.0008
10.500,1.9986,0.0000,0.0009,0.0293,0.00,-0.0008,-0.0008,-0.0008
10.600,1.9957,0.0000,0.0009,0.0293,0.00,-0.0009,-0.0009,-0.0009
10.700,1.9927,0.0000,0.0009,0.0293,0.00,-0.0009,-0.0009,-0.0009
10.800,1.9898,0.0000,0.0009,0.0293,0.00,-0.0009,-0.0009,-0.0009
10.900,1.9869,0.0000,0.0010,0.0293,0.00,-0.0009,-0.0009,-0.0009
11.000,1.9840,0.0000,0.0010,0.0293,0.00,-0.0009,-0.0009,-0.0009
11.100,1.9810,0.0000,0.0010,0.0293,0.00,-0.0009,-0.0009,-0.0009
11.200,1.9781,0.0000,0.0010,0.0293,0.00,-0.0010,-0.0010,-0.0010
11.300,1.9752,0.0000,0.0010,0.0293,0.00,-0.0010,-0.0010,-0.0010
11.400,1.9723,0.0000,0.0010,0.0293,0.00,-0.0010,-0.0010,-0.0010
11.500,1.9693,0.0000,0.0010,0.0293,0.00,-0.0010,-0.0010,-0.0010
11.600,1.9664,0.0000,0.0010,0.0293,0.00,-0.0010,-0.0010,-0.0010
11.700,1.9635,0.0000,0.0010,0.0293,0.00,-0.0010,-0.0010,-0.0010
11.800,1.9606,0.0000,0.0010,0.0293,0.00,-0.0010,-0.0010,-0.0010
11.900,1.9576,-0.0000,0.0010,0.0293,0.00,-0.0011,-0.0011,-0.0011
12.000,1.9547,-0.0000,0.0010,0.0293,0.00,-0.0011,-0.0011,-0.0011
12.100,1.9518,-0.0000,0.0010,0.0293,0.00,-0.0011,-0.0011,-0.0011
12.200,1.9489,-0.0000,0.0010,0.0293,0.00,-0.0011,-0.0011,-0.0011
12.300,1.9459,-0.0000,0.0010,0.0293,0.00,-0.0011,-0.0011,-0.0011
12.400,1.9430,-0.0000,0.0010,0.0293,0.00,-0.0011,-0.0011,-0.0011
12.500,1.9401,-0.0000,0.0010,0.0293,0.00,-0.0011,-0.0011,-0.0011
12.600,1.9372,-0.0000,0.0011,0.0293,0.00,-0.0012,-0.0012,-0.0012
12.700,1.9342,-0.0000,0.0011,0.0293,0.00,-0.0012,-0.0012,-0.0012
12.800,1.9313,-0.0000,0.0011,0.0293,0.00,-0.0012,-0.0012,-0.0012
12.900,1.9284,-0.0000,0.0011,0.0293,0.00,-0.0012,-0.0012,-0.0012
13.000,1.9255,-0.0000,0.0011,0.0293,0.00,-0.0012,-0.0012,-0.0012
13.100,1.9225,-0.0000,0.0011,0.0292,0.00,-0.0012,-0.0012,-0.0012
13.200,1.9196,-0.0000,0.0011,0.0292,0.00,-0.0012,-0.0012,-0.0012
13.300,1.9167,-0.0000,0.0011,0.0292,0.00,-0.0012,-0.0012,-0.0012
13.400,1.9138,-0.0000,0.0011,0.0292,0.00,-0.0012,-0.0012,-0.0012
13.500,1.9108,-0.0000,0.0011,0.0292,0.00,-0.0013,-0.0013,-0.0013
13.600,1.9079,-0.0000,0.0011,0.0292,0.00,-0.0013,-0.0013,-0.0013
13.700,1.9050,-0.0000,0.0011,0.0292,0.00,-0.0013,-0.0013,-0.0013
13.800,1.9021,-0.0000,0.0011,0.0292,0.00,-0.0013,-0.0013,-0.0013
13.900,1.8991,-0.0000,0.0011,0.0292,0.00,-0.0013,-0.0013,-0.0013
14.000,1.8962,-0.0000,0.0011,0.0292,0.00,-0.0013,-0.0013,-0.0013
14.100,1.8933,-0.0000,0.0011,0.0292,0.00,-0.0013,-0.0013,-0.0013
14.200,1.8904,-0.0000,0.0011,0.0292,0.00,-0.0013,-0.0013,-0.0013
14.300,1.8874,-0.0000,0.0011,0.0292,0.00,-0.0013,-0.0013,-0.0013
14.400,1.8845,-0.0000,0.0011,0.0292,0.00,-0.0013,-0.0013,-0.0013
14.500,1.8816,-0.0000,0.0011,0.0292,0.00,-0.0013,-0.0013,-0.0013
14.600,1.8787,-0.0000,0.0011,0.0292,0.00,-0.0014,-0.0014,-0.0014
14.700,1.8757,-0.0000,0.0011,0.0292,0.00,-0.0014,-0.0014,-0.0014
14.800,1.8728,-0.0000,0.0011,0.0292,0.00,-0.0014,-0.0014,-0.0014
14.900,1.8699,-0.0000,0.0011,0.0292,0.00,-0.0014,-0.0014,-0.0014
15.000,1.8670,-0.0000,0.0011,0.0292,0.00,-0.0014,-0.0014,-0.0014
15.100,1.8640,-0.0000,0.0011,0.0292,0.00,-0.0014,-0.0014,-0.0014
15.200,1.8611,-0.0000,0.0011,0.0292,0.00,-0.0014,-0.0014,-0.0014
15.300,1.8582,-0.0000,0.0011,0.0292,0.00,-0.0014,-0.0014,-0.0014
15.400,1.8553,-0.0000,0.0011,0.0292,0.00,-0.0014,-0.0014,-0.0014
15.500,1.8523,-0.0000,0.0011,0.0292,0.00,-0.0014,-0.0014,-0.0014
15.600,1.8494,-0.0000,0.0011,0.0292,0.00,-0.0014,-0.0014,-0.0014
15.700,1.8465,-0.0000,0.0011,0.0292,0.00,-0.0014,-0.0014,-0.0014
15.800,1.8436,-0.0000,0.0011,0.0292,0.00,-0.0014,-0.0014,-0.0014
15.900,1.8406,-0.0000,0.0011,0.0292,0.00,-0.0014,-0.0014,-0.0014
16.000,1.8377,-0.0000,0.0011,0.0292,0.00,-0.0014,-0.0014,-0.0014
16.100,1.8348,-0.0000,0.0011,0.0292,0.00,-0.0014,-0.0014,-0.0014
16.200,1.8319,-0.0000,0.0011,0.0292,0.00,-0.0014,-0.0014,-0.0014
16.300,1.8289,-0.0000,0.0011,0.0292,0.00,-0.0014,-0.0014,-0.0014
16.400,1.8260,-0.0000,0.0011,0.0292,0.00,-0.0014,-0.0014,-0.0014
16.500,1.8231,-0.0000,0.0011,0.0292,0.00,-0.0014,-0.0014,-0.0014
16.600,1.8202,-0.0000,0.0011,0.0292,0.00,-0.0014,-0.0014,-0.0014
16.700,1.8172,-0.0001,0.0011,0.0292,0.00,-0.0014,-0.0014,-0.0014
16.800,1.8143,-0.0001,0.0011,0.0292,0.00,-0.0014,-0.0014,-0.0014
16.900,1.8114,-0.0001,0.0011,0.0292,0.00,-0.0014,-0.0014,-0.0014
17.000,1.8085,-0.0001,0.0011,0.0292,0.00,-0.0014,-0.0014,-0.0014
17.100,1.8055,-0.0001,0.0011,0.0292,0.00,-0.0014,-0.0014,-0.0014
17.200,1.8026,-0.0001,0.0011,0.0292,0.00,-0.0014,-0.0014,-0.0014
17.300,1.7997,-0.0001,0.0011,0.0292,0.00,-0.0014,-0.0014,-0.0014
17.400,1.7968,-0.0001,0.0011,0.0292,0.00,-0.0014,-0.0014,-0.0014
17.500,1.7939,-0.0001,0.0011,0.0292,0.00,-0.0014,-0.0014,-0.0014
17.600,1.7909,-0.0001,0.0011,0.0292,0.00,-0.0014,-0.0014,-0.0014
17.700,1.7880,-0.0001,0.0010,0.0292,0.00,-0.0014,-0.0014,-0.0014
17.800,1.7851,-0.0001,0.0010,0.0292,0.00,-0.0014,-0.0014,-0.0014
17.900,1.7822,-0.0001,0.0010,0.0292,0.00,-0.0014,-0.0014,-0.0014
18.000,1.7792,-0.0001,0.0010,0.0292,0.00,-0.0014,-0.0014,-0.0014
18.100,1.7763,-0.0001,0.0010,0.0292,0.00,-0.0014,-0.0014,-0.0014
18.200,1.7734,-0.0001,0.0010,0.0292,0.00,-0.0014,-0.0014,-0.0014
18.300,1.7705,-0.0001,0.0010,0.0292,0.00,-0.0014,-0.0014,-0.0014
18.400,1.7675,-0.0001,0.0010,0.0292,0.00,-0.0014,-0.0014,-0.0014
18.500,1.7646,-0.0001,0.0010,0.0292,0.00,-0.0014,-0.0014,-0.0014
18.600,1.7617,-0.0001,0.0010,0.0292,0.00,-0.0014,-0.0014,-0.0014
18.700,1.7588,-0.0001,0.0010,0.0292,0.00,-0.0013,-0.0013,-0.0013
18.800,1.7558,-0.0001,0.0010,0.0292,0.00,-0.0013,-0.0013,-0.0013
18.900,1.7529,-0.0001,0.0010,0.0292,0.00,-0.0013,-0.0013,-0.0013
19.000,1.7500,-0.0001,0.0010,0.0292,0.00,-0.0013,-0.0013,-0.0013
19.100,1.7471,-0.0001,0.0010,0.0292,0.00,-0.0013,-0.0013,-0.0013
19.200,1.7441,-0.0001,0.0010,0.0292,0.00,-0.0013,-0.0013,-0.0013
19.300,1.7412,-0.0001,0.0009,0.0292,0.00,-0.0013,-0.0013,-0.0013
19.400,1.7383,-0.0001,0.0009,0.0292,0.00,-0.0013,-0.0013,-0.0013
19.500,1.7354,-0.0001,0.0009,0.0292,0.00,-0.0013,-0.0013,-0.0013
19.600,1.7324,-0.0001,0.0009,0.0292,0.00,-0.0013,-0.0013,-0.0013
19.700,1.7295,-0.0001,0.0009,0.0292,0.00,-0.0013,-0.0013,-0.0013
19.800,1.7266,-0.0001,0.0009,0.0292,0.00,-0.0013,-0.0013,-0.0013
19.900,1.7237,-0.0001,0.0009,0.0292,0.00,-0.0013,-0.0013,-0.0013
20.000,1.7208,-0.0001,0.0009,0.0292,0.00,-0.0013,-0.0013,-0.0013
20.100,1.7178,-0.0001,0.0009,0.0292,0.00,-0.0012,-0.0012,-0.0012
20.200,1.7149,-0.0001,0.0009,0.0292,0.00,-0.0012,-0.0012,-0.0012
20.300,1.7120,-0.0001,0.0009,0.0292,0.00,-0.0012,-0.0012,-0.0012
20.400,1.7091,-0.0001,0.0009,0.0292,0.00,-0.0012,-0.0012,-0.0012
20.500,1.7061,-0.0001,0.0009,0.0292,0.00,-0.0012,-0.0012,-0.0012
20.600,1.7032,-0.0001,0.0009,0.0292,0.00,-0.0012,-0.0012,-0.0012
20.700,1.7003,-0.0001,0.0009,0.0292,0.00,-0.0012,-0.0012,-0.0012
20.800,1.6974,-0.0001,0.0009,0.0292,0.00,-0.0012,-0.0012,-0.0012
20.900,1.6944,-0.0001,0.0009,0.0292,0.00,-0.0012,-0.0012,-0.0012
21.000,1.6915,-0.0001,0.0008,0.0292,0.00,-0.0012,-0.0012,-0.0012
21.100,1.6886,-0.0001,0.0008,0.0292,0.00,-0.0012,-0.0012,-0.0012
21.200,1.6857,-0.0001,0.0008,0.0292,0.00,-0.0012,-0.0012,-0.0012
21.300,1.6827,-0.0001,0.0008,0.0292,0.00,-0.0012,-0.0012,-0.0012
21.400,1.6798,-0.0001,0.0008,0.0292,0.00,-0.0012,-0.0012,-0.0012
21.500,1.6769,-0.0001,0.0008,0.0292,0.00,-0.0011,-0.0011,-0.0011
21.600,1.6740,-0.0001,0.0008,0.0292,0.00,-0.0011,-0.0011,-0.0011
21.700,1.6710,-0.0001,0.0008,0.0292,0.00,-0.0011,-0.0011,-0.0011
21.800,1.6681,-0.0001,0.0008,0.0292,0.00,-0.0011,-0.0011,-0.0011
21.900,1.6652,-0.0001,0.0008,0.0292,0.00,-0.0011,-0.0011,-0.0011
22.000,1.6623,-0.0001,0.0008,0.0292,0.00,-0.0011,-0.0011,-0.0011
22.100,1.6593,-0.0001,0.0008,0.0292,0.00,-0.0011,-0.0011,-0.0011
22.200,1.6564,-0.0001,0.0008,0.0292,0.00,-0.0011,-0.0011,-0.0011
22.300,1.6535,-0.0000,0.0008,0.0292,0.00,-0.0011,-0.0011,-0.0011
22.400,1.6506,-0.0000,0.0008,0.0292,0.00,-0.0011,-0.0011,-0.0011
22.500,1.6476,-0.0000,0.0008,0.0292,0.00,-0.0011,-0.0011,-0.0011
22.600,1.6447,-0.0000,0.0008,0.0292,0.00,-0.0011,-0.0011,-0.0011
22.700,1.6418,-0.0000,0.0008,0.0292,0.00,-0.0011,-0.0011,-0.0011
22.800,1.6389,-0.0000,0.0008,0.0292,0.00,-0.0011,-0.0011,-0.0011
22.900,1.6360,-0.0000,0.0008,0.0292,0.00,-0.0010,-0.0010,-0.0010
23.000,1.6330,-0.0000,0.0008,0.0292,0.00,-0.0010,-0.0010,-0.0010
23.100,1.6301,-0.0000,0.0007,0.0292,0.00,-0.0010,-0.0010,-0.0010
23.200,1.6272,-0.0000,0.0007,0.0292,0.00,-0.0010,-0.0010,-0.0010
23.300,1.6243,-0.0000,0.0007,0.0292,0.00,-0.0010,-0.0010,-0.0010
23.400,1.6213,-0.0000,0.0007,0.0292,0.00,-0.0010,-0.0010,-0.0010
23.500,1.6184,-0.0000,0.0007,0.0292,0.00,-0.0010,-0.0010,-0.0010
23.600,1.6155,-0.0000,0.0007,0.0292,0.00,-0.0010,-0.0010,-0.0010
23.700,1.6126,-0.0000,0.0007,0.0292,0.00,-0.0010,-0.0010,-0.0010
23.800,1.6096,-0.0000,0.0007,0.0292,0.00,-0.0010,-0.0010,-0.0010
23.900,1.6067,-0.0000,0.0007,0.0292,0.00,-0.0010,-0.0010,-0.0010
24.000,1.6038,-0.0000,0.0007,0.0292,0.00,-0.0010,-0.0010,-0.0010
24.100,1.6009,-0.0000,0.0007,0.0292,0.00,-0.0010,-0.0010,-0.0010
24.200,1.5979,-0.0000,0.0007,0.0292,0.00,-0.0010,-0.0010,-0.0010
24.300,1.5950,-0.0000,0.0007,0.0292,0.00,-0.0010,-0.0010,-0.0010
24.400,1.5921,-0.0000,0.0007,0.0292,0.00,-0.0009,-0.0009,-0.0009
24.500,1.5892,-0.0000,0.0007,0.0292,0.00,-0.0009,-0.0009,-0.0009
24.600,1.5862,-0.0000,0.0007,0.0292,0.00,-0.0009,-0.0009,-0.0009
24.700,1.5833,-0.0000,0.0007,0.0292,0.00,-0.0009,-0.0009,-0.0009
24.800,1.5804,-0.0000,0.0007,0.0292,0.00,-0.0009,-0.0009,-0.0009
24.900,1.5775,-0.0000,0.0007,0.0292,0.00,-0.0009,-0.0009,-0.0009
25.000,1.5745,-0.0000,0.0007,0.0292,0.00,-0.0009,-0.0009,-0.0009
25.100,1.5716,-0.0000,0.0007,0.0292,0.00,-0.0009,-0.0009,-0.0009
25.200,1.5687,-0.0000,0.0007,0.0292,0.00,-0.0009,-0.0009,-0.0009
25.300,1.5658,-0.0000,0.0007,0.0292,0.00,-0.0009,-0.0009,-0.0009
25.400,1.5628,-0.0000,0.0007,0.0292,0.00,-0.0009,-0.0009,-0.0009
25.500,1.5599,-0.0000,0.0007,0.0292,0.00,-0.0009,-0.0009,-0.0009
25.600,1.5570,-0.0000,0.0007,0.0292,0.00,-0.0009,-0.0009,-0.0009
25.700,1.5541,-0.0000,0.0007,0.0292,0.00,-0.0009,-0.0009,-0.0009
25.800,1.5511,-0.0000,0.0006,0.0292,0.00,-0.0009,-0.0009,-0.0009
25.900,1.5482,-0.0000,0.0006,0.0292,0.00,-0.0009,-0.0009,-0.0009
26.000,1.5453,-0.0000,0.0006,0.0292,0.00,-0.0009,-0.0009,-0.0009
26.100,1.5424,-0.0000,0.0006,0.0292,0.00,-0.0009,-0.0009,-0.0009
26.200,1.5394,-0.0000,0.0006,0.0292,0.00,-0.0008,-0.0008,-0.0008
26.300,1.5365,-0.0000,0.0006,0.0292,0.00,-0.0008,-0.0008,-0.0008
26.400,1.5336,-0.0000,0.0006,0.0292,0.00,-0.0008,-0.0008,-0.0008
26.500,1.5307,-0.0000,0.0006,0.0292,0.00,-0.0008,-0.0008,-0.0008
26.600,1.5277,-0.0000,0.0006,0.0292,0.00,-0.0008,-0.0008,-0.0008
26.700,1.5248,-0.0000,0.0006,0.0292,0.00,-0.0008,-0.0008,-0.0008
26.800,1.5219,-0.0000,0.0006,0.0292,0.00,-0.0008,-0.0008,-0.0008
26.900,1.5190,-0.0000,0.0006,0.0292,0.00,-0.0008,-0.0008,-0.0008
27.000,1.5160,-0.0000,0.0006,0.0292,0.00,-0.0008,-0.0008,-0.0008
27.100,1.5131,-0.0000,0.0006,0.0292,0.00,-0.0008,-0.0008,-0.0008
27.200,1.5102,-0.0000,0.0006,0.0292,0.00,-0.0008,-0.0008,-0.0008
27.300,1.5073,-0.0000,0.0006,0.0292,0.00,-0.0008,-0.0008,-0.0008
27.400,1.5043,-0.0000,0.0006,0.0292,0.00,-0.0008,-0.0008,-0.0008
27.500,1.5014,-0.0000,0.0006,0.0292,0.00,-0.0008,-0.0008,-0.0008
27.600,1.4985,-0.0000,0.0006,0.0292,0.00,-0.0008,-0.0008,-0.0008
27.700,1.4956,-0.0000,0.0006,0.0292,0.00,-0.0008,-0.0008,-0.0008
27.800,1.4926,-0.0000,0.0006,0.0292,0.00,-0.0008,-0.0008,-0.0008
27.900,1.4897,-0.0000,0.0006,0.0292,0.00,-0.0008,-0.0008,-0.0008
28.000,1.4868,-0.0000,0.0006,0.0292,0.00,-0.0008,-0.0008,-0.0008
28.100,1.4839,-0.0000,0.0006,0.0292,0.00,-0.0008,-0.0008,-0.0008
28.200,1.4809,-0.0000,0.0006,0.0292,0.00,-0.0008,-0.0008,-0.0008
28.300,1.4780,-0.0000,0.0006,0.0292,0.00,-0.0008,-0.0008,-0.0008
28.400,1.4751,-0.0000,0.0006,0.0292,0.00,-0.0008,-0.0008,-0.0008
28.500,1.4722,-0.0000,0.0006,0.0292,0.00,-0.0008,-0.0008,-0.0008
28.600,1.4692,-0.0000,0.0006,0.0292,0.00,-0.0008,-0.0008,-0.0008
28.700,1.4663,-0.0000,0.0006,0.0292,0.00,-0.0008,-0.0008,-0.0008
28.800,1.4634,-0.0000,0.0006,0.0293,0.00,-0.0008,-0.0008,-0.0008
28.900,1.4605,-0.0000,0.0006,0.0293,0.00,-0.0008,-0.0008,-0.0008
29.000,1.4575,-0.0000,0.0006,0.0293,0.00,-0.0008,-0.0008,-0.0008
29.100,1.4546,-0.0000,0.0006,0.0293,0.00,-0.0008,-0.0008,-0.0008
29.200,1.4517,-0.0000,0.0006,0.0293,0.00,-0.0008,-0.0008,-0.0008
29.300,1.4488,-0.0000,0.0006,0.0293,0.00,-0.0008,-0.0008,-0.0008
29.400,1.4458,-0.0000,0.0006,0.0293,0.00,-0.0008,-0.0008,-0.0008
29.500,1.4429,-0.0000,0.0006,0.0293,0.00,-0.0008,-0.0008,-0.0008
29.600,1.4400,-0.0000,0.0006,0.0293,0.00,-0.0008,-0.0008,-0.0008
29.700,1.4371,-0.0000,0.0006,0.0293,0.00,-0.0008,-0.0008,-0.0008
29.800,1.4341,-0.0000,0.0006,0.0293,0.00,-0.0008,-0.0008,-0.0008
29.900,1.4312,-0.0000,0.0006,0.0293,0.00,-0.0008,-0.0008,-0.0008
30.000,1.4283,-0.0000,0.0006,0.0293,0.00,-0.0008,-0.0008,-0.0008
30.100,1.4254,-0.0000,0.0006,0.0293,0.00,-0.0008,-0.0008,-0.0008
30.200,1.4224,-0.0000,0.0006,0.0293,0.00,-0.0008,-0.0008,-0.0008
30.300,1.4195,-0.0000,0.0006,0.0293,0.00,-0.0008,-0.0008,-0.0008
30.400,1.4166,-0.0000,0.0006,0.0293,0.00,-0.0008,-0.0008,-0.0008
30.500,1.4137,-0.0000,0.0006,0.0293,0.00,-0.0008,-0.0008,-0.0008
30.600,1.4107,-0.0000,0.0006,0.0293,0.00,-0.0008,-0.0008,-0.0008
30.700,1.4078,-0.0000,0.0006,0.0293,0.00,-0.0008,-0.0008,-0.0008
30.800,1.4049,-0.0000,0.0006,0.0293,0.00,-0.0008,-0.0008,-0.0008
30.900,1.4020,-0.0000,0.0006,0.0293,0.00,-0.0008,-0.0008,-0.0008
31.000,1.3990,-0.0000,0.0006,0.0293,0.00,-0.0008,-0.0008,-0.0008
31.100,1.3961,-0.0000,0.0006,0.0293,0.00,-0.0008,-0.0008,-0.0008
31.200,1.3932,-0.0000,0.0006,0.0293,0.00,-0.0008,-0.0008,-0.0008
31.300,1.3903,-0.0000,0.0006,0.0293,0.00,-0.0008,-0.0008,-0.0008
31.400,1.3873,-0.0000,0.0006,0.0293,0.00,-0.0008,-0.0008,-0.0008
31.500,1.3844,-0.0000,0.0006,0.0293,0.00,-0.0008,-0.0008,-0.0008
31.600,1.3815,-0.0000,0.0006,0.0293,0.00,-0.0008,-0.0008,-0.0008
31.700,1.3786,-0.0000,0.0006,0.0293,0.00,-0.0008,-0.0008,-0.0008
31.800,1.3756,-0.0000,0.0006,0.0293,0.00,-0.0008,-0.0008,-0.0008
31.900,1.3727,-0.0000,0.0006,0.0293,0.00,-0.0008,-0.0008,-0.0008
32.000,1.3698,-0.0000,0.0006,0.0293,0.00,-0.0008,-0.0008,-0.0008
32.100,1.3669,-0.0000,0.0006,0.0293,0.00,-0.0008,-0.0008,-0.0008
32.200,1.3639,-0.0000,0.0006,0.0293,0.00,-0.0008,-0.0008,-0.0008
32.300,1.3610,-0.0000,0.0006,0.0293,0.00,-0.0008,-0.0008,-0.0008
32.400,1.3581,-0.0000,0.0006,0.0293,0.00,-0.0008,-0.0008,-0.0008
32.500,1.3552,-0.0000,0.0006,0.0293,0.00,-0.0008,-0.0008,-0.0008
32.600,1.3522,-0.0000,0.0006,0.0293,0.00,-0.0008,-0.0008,-0.0008
32.700,1.3493,-0.0000,0.0006,0.0293,0.00,-0.0008,-0.0008,-0.0008
32.800,1.3464,-0.0000,0.0006,0.0293,0.00,-0.0008,-0.0008,-0.0008
32.900,1.3435,-0.0000,0.0006,0.0293,0.00,-0.0008,-0.0008,-0.0008
33.000,1.3405,-0.0000,0.0006,0.0293,0.00,-0.0008,-0.0008,-0.0008
33.100,1.3376,-0.0000,0.0006,0.0293,0.00,-0.0008,-0.0008,-0.0008
33.200,1.3347,-0.0000,0.0006,0.0293,0.00,-0.0008,-0.0008,-0.0008
33.300,1.3318,-0.0000,0.0006,0.0293,0.00,-0.0008,-0.0008,-0.0008
33.400,1.3288,-0.0000,0.0006,0.0293,0.00,-0.0008,-0.0008,-0.0008
33.500,1.3259,-0.0000,0.0006,0.0293,0.00,-0.0008,-0.0008,-0.0008
33.600,1.3230,-0.0000,0.0006,0.0293,0.00,-0.0008,-0.0008,-0.0008
33.700,1.3201,-0.0000,0.0006,0.0293,0.00,-0.0008,-0.0008,-0.0008
33.800,1.3171,-0.0000,0.0006,0.0293,0.00,-0.0008,-0.0008,-0.0008
33.900,1.3142,-0.0000,0.0006,0.0293,0.00,-0.0008,-0.0008,-0.0008
34.050,1.3098,-0.0000,0.0006,0.0293,0.00,-0.0008,-0.0008,-0.0008
34.150,1.3069,-0.0000,0.0006,0.0293,0.00,-0.0008,-0.0008,-0.0008
34.250,1.3040,-0.0000,0.0006,0.0293,0.00,-0.0008,-0.0008,-0.0008
34.350,1.3010,-0.0000,0.0006,0.0293,0.00,-0.0008,-0.0008,-0.0008
34.450,1.2981,-0.0000,0.0006,0.0293,0.00,-0.0008,-0.0008,-0.0008
34.550,1.2952,-0.0000,0.0006,0.0293,0.00,-0.0008,-0.0008,-0.0008
34.650,1.2923,-0.0000,0.0006,0.0293,0.00,-0.0008,-0.0008,-0.0008
34.750,1.2893,-0.0000,0.0006,0.0293,0.00,-0.0008,-0.0008,-0.0008
34.850,1.2864,-0.0000,0.0006,0.0293,0.00,-0.0008,-0.0008,-0.0008
34.950,1.2835,-0.0000,0.0006,0.0293,0.00,-0.0008,-0.0008,-0.0008
35.050,1.2806,-0.0000,0.0006,0.0293,0.00,-0.0008,-0.0008,-0.0008
35.150,1.2776,-0.0000,0.0006,0.0293,0.00,-0.0008,-0.0008,-0.0008
35.250,1.2747,-0.0000,0.0006,0.0293,0.00,-0.0008,-0.0008,-0.0008
35.350,1.2718,-0.0000,0.0006,0.0293,0.00,-0.0008,-0.0008,-0.0008
35.450,1.2689,-0.0000,0.0006,0.0293,0.00,-0.0008,-0.0008,-0.0008
35.550,1.2659,-0.0000,0.0006,0.0293,0.00,-0.0008,-0.0008,-0.0008
35.650,1.2630,-0.0000,0.0006,0.0293,0.00,-0.0008,-0.0008,-0.0008
35.750,1.2601,-0.0000,0.0006,0.0293,0.00,-0.0008,-0.0008,-0.0008
35.850,1.2572,-0.0000,0.0006,0.0293,0.00,-0.0008,-0.0008,-0.0008
35.950,1.2542,-0.0000,0.0006,0.0293,0.00,-0.0008,-0.0008,-0.0008
36.050,1.2513,-0.0000,0.0006,0.0293,0.00,-0.0008,-0.0008,-0.0008
36.150,1.2484,-0.0000,0.0006,0.0293,0.00,-0.0008,-0.0008,-0.0008
36.250,1.2455,-0.0000,0.0006,0.0293,0.00,-0.0008,-0.0008,-0.0008
36.350,1.2425,-0.0000,0.0006,0.0293,0.00,-0.0008,-0.0008,-0.0008
36.450,1.2396,-0.0000,0.0006,0.0293,0.00,-0.0008,-0.0008,-0.0008
36.550,1.2367,-0.0000,0.0006,0.0293,0.00,-0.0008,-0.0008,-0.0008
36.650,1.2338,-0.0000,0.0006,0.0293,0.00,-0.0008,-0.0008,-0.0008
36.750,1.2308,-0.0000,0.0006,0.0293,0.00,-0.0008,-0.0008,-0.0008
36.850,1.2279,-0.0000,0.0006,0.0293,0.00,-0.0008,-0.0008,-0.0008
36.950,1.2250,-0.0000,0.0006,0.0293,0.00,-0.0008,-0.0008,-0.0008
37.050,1.2221,-0.0000,0.0006,0.0293,0.00,-0.0008,-0.0008,-0.0008
37.150,1.2191,-0.0000,0.0006,0.0293,0.00,-0.0008,-0.0008,-0.0008
37.250,1.2162,-0.0000,0.0006,0.0293,0.00,-0.0008,-0.0008,-0.0008
37.350,1.2133,-0.0000,0.0006,0.0293,0.00,-0.0008,-0.0008,-0.0008
37.450,1.2104,-0.0000,0.0006,0.0293,0.00,-0.0008,-0.0008,-0.0008
37.550,1.2074,-0.0000,0.0006,0.0293,0.00,-0.0008,-0.0008,-0.0008
37.650,1.2045,-0.0000,0.0006,0.0293,0.00,-0.0008,-0.0008,-0.0008
37.750,1.2016,-0.0000,0.0006,0.0293,0.00,-0.0008,-0.0008,-0.0008
37.850,1.1987,-0.0000,0.0006,0.0293,0.00,-0.0008,-0.0008,-0.0008
37.950,1.1957,-0.0000,0.0006,0.0293,0.00,-0.0008,-0.0008,-0.0008
38.050,1.1928,-0.0000,0.0006,0.0293,0.00,-0.0008,-0.0008,-0.0008
38.150,1.1899,-0.0000,0.0006,0.0293,0.00,-0.0008,-0.0008,-0.0008
38.250,1.1870,-0.0000,0.0006,0.0293,0.00,-0.0008,-0.0008,-0.0008
38.350,1.1840,-0.0000,0.0006,0.0293,0.00,-0.0008,-0.0008,-0.0008
38.450,1.1811,-0.0000,0.0006,0.0293,0.00,-0.0008,-0.0008,-0.0008
38.550,1.1782,-0.0000,0.0006,0.0293,0.00,-0.0008,-0.0008,-0.0008
38.650,1.1753,-0.0000,0.0006,0.0293,0.00,-0.0008,-0.0008,-0.0008
38.750,1.1724,-0.0000,0.0048,0.0289,0.20,-0.5236,-0.4715,-0.5871
38.850,1.1690,-0.0004,0.0242,0.0359,0.20,-0.5236,-0.4715,-0.5871
38.950,1.1641,-0.0007,0.0465,0.0525,0.20,-0.5236,-0.4715,-0.5871
39.050,1.1590,0.0004,0.0446,0.0500,0.20,-0.5236,-0.4715,-0.5871
39.150,1.1550,0.0014,0.0313,0.0387,0.20,-0.5236,-0.4715,-0.5871
39.250,1.1516,0.0023,0.0177,0.0347,0.20,-0.5236,-0.4715,-0.5871
39.350,1.1484,0.0032,0.0056,0.0330,0.20,-0.5236,-0.4715,-0.5871
39.450,1.1453,0.0041,-0.0055,0.0317,0.20,-0.5236,-0.4715,-0.5871
39.550,1.1424,0.0050,-0.0161,0.0308,0.20,-0.5236,-0.4715,-0.5871
39.650,1.1395,0.0058,-0.0264,0.0300,0.20,-0.5236,-0.4715,-0.5871
39.750,1.1366,0.0067,-0.0368,0.0295,0.20,-0.5236,-0.4715,-0.5871
39.850,1.1338,0.0075,-0.0471,0.0293,0.20,-0.5236,-0.4715,-0.5871
39.950,1.1311,0.0084,-0.0573,0.0292,0.20,-0.5236,-0.4715,-0.5871
40.050,1.1283,0.0093,-0.0676,0.0291,0.20,-0.5236,-0.4715,-0.5871
40.150,1.1255,0.0103,-0.0778,0.0291,0.20,-0.5236,-0.4715,-0.5871
40.250,1.1228,0.0113,-0.0881,0.0291,0.20,-0.5236,-0.4715,-0.5871
40.350,1.1201,0.0123,-0.0983,0.0291,0.20,-0.5236,-0.4715,-0.5871
40.450,1.1174,0.0133,-0.1085,0.0291,0.20,-0.5236,-0.4715,-0.5871
40.550,1.1146,0.0144,-0.1187,0.0291,0.20,-0.5236,-0.4715,-0.5871
40.650,1.1119,0.0155,-0.1289,0.0292,0.20,-0.5236,-0.4715,-0.5871
40.750,1.1092,0.0166,-0.1390,0.0292,0.20,-0.5236,-0.4715,-0.5871
40.850,1.1066,0.0177,-0.1492,0.0292,0.20,-0.5236,-0.4715,-0.5871
40.950,1.1039,0.0189,-0.1592,0.0293,0.20,-0.5236,-0.4715,-0.5871
41.050,1.1012,0.0201,-0.1692,0.0293,0.20,-0.5236,-0.4715,-0.5871
41.150,1.0986,0.0213,-0.1792,0.0293,0.20,-0.5236,-0.4715,-0.5871
41.250,1.0959,0.0226,-0.1891,0.0293,0.20,-0.5236,-0.4715,-0.5871
41.350,1.0933,0.0239,-0.1989,0.0293,0.20,-0.5236,-0.4715,-0.5871
41.450,1.0906,0.0252,-0.2087,0.0295,0.20,-0.5236,-0.4715,-0.5871
41.550,1.0880,0.0266,-0.2184,0.0298,0.20,-0.5236,-0.4715,-0.5871
41.650,1.0853,0.0279,-0.2279,0.0299,0.20,-0.5236,-0.4715,-0.5871
41.750,1.0827,0.0293,-0.2373,0.0300,0.20,-0.5236,-0.4715,-0.5871
41.850,1.0801,0.0308,-0.2466,0.0300,0.20,-0.5236,-0.4715,-0.5871
41.950,1.0774,0.0322,-0.2558,0.0300,0.20,-0.5236,-0.4715,-0.5871
42.050,1.0748,0.0337,-0.2649,0.0301,0.20,-0.5236,-0.4715,-0.5871
42.150,1.0722,0.0352,-0.2739,0.0301,0.20,-0.5236,-0.4715,-0.5871
42.250,1.0696,0.0368,-0.2828,0.0301,0.20,-0.5236,-0.4715,-0.5871
42.350,1.0671,0.0383,-0.2916,0.0301,0.20,-0.5236,-0.4715,-0.5871
42.450,1.0645,0.0399,-0.3002,0.0301,0.20,-0.5236,-0.4715,-0.5871
42.550,1.0620,0.0415,-0.3087,0.0301,0.20,-0.5236,-0.4715,-0.5871
42.650,1.0594,0.0432,-0.3171,0.0302,0.20,-0.5236,-0.4715,-0.5871
42.750,1.0569,0.0448,-0.3253,0.0302,0.20,-0.5236,-0.4715,-0.5871
42.850,1.0544,0.0465,-0.3333,0.0302,0.20,-0.5236,-0.4715,-0.5871
42.950,1.0519,0.0482,-0.3411,0.0302,0.20,-0.5236,-0.4715,-0.5871
43.050,1.0494,0.0499,-0.3488,0.0302,0.20,-0.5236,-0.4715,-0.5871
43.150,1.0470,0.0517,-0.3563,0.0302,0.20,-0.5236,-0.4715,-0.5871
43.250,1.0445,0.0534,-0.3636,0.0302,0.20,-0.5236,-0.4715,-0.5871
43.350,1.0421,0.0552,-0.3706,0.0301,0.20,-0.5236,-0.4715,-0.5871
43.450,1.0397,0.0570,-0.3775,0.0301,0.20,-0.5236,-0.4715,-0.5871
43.550,1.0372,0.0588,-0.3852,0.0301,0.20,-0.5236,-0.4715,-0.5871
43.650,1.0348,0.0606,-0.3924,0.0302,0.20,-0.5167,-0.4658,-0.5787
43.750,1.0326,0.0624,-0.4013,0.0285,0.20,-0.5014,-0.4532,-0.5600
43.850,1.0305,0.0640,-0.4111,0.0284,0.20,-0.4804,-0.4357,-0.5343
43.950,1.0285,0.0657,-0.4211,0.0295,0.20,-0.4565,-0.4157,-0.5054
44.050,1.0265,0.0673,-0.4313,0.0307,0.20,-0.4334,-0.3963,-0.4777
44.150,1.0245,0.0689,-0.4415,0.0305,0.20,-0.4136,-0.3795,-0.4541
44.250,1.0225,0.0705,-0.4515,0.0299,0.20,-0.3951,-0.3637,-0.4321
44.350,1.0206,0.0721,-0.4612,0.0298,0.20,-0.3754,-0.3469,-0.4088
44.450,1.0186,0.0736,-0.4704,0.0300,0.20,-0.3551,-0.3293,-0.3850
44.550,1.0166,0.0752,-0.4793,0.0301,0.20,-0.3358,-0.3126,-0.3626
44.650,1.0146,0.0768,-0.4879,0.0300,0.20,-0.3170,-0.2962,-0.3409
44.750,1.0126,0.0784,-0.4961,0.0301,0.20,-0.2983,-0.2797,-0.3194
44.850,1.0106,0.0800,-0.5040,0.0300,0.20,-0.2803,-0.2638,-0.2990
44.950,1.0086,0.0816,-0.5116,0.0299,0.20,-0.2626,-0.2480,-0.2790
45.050,1.0065,0.0832,-0.5188,0.0298,0.20,-0.2444,-0.2317,-0.2586
45.150,1.0045,0.0848,-0.5259,0.0298,0.20,-0.2269,-0.2158,-0.2391
45.250,1.0024,0.0864,-0.5327,0.0298,0.20,-0.2124,-0.2027,-0.2231
45.350,1.0004,0.0880,-0.5395,0.0282,0.20,-0.2004,-0.1917,-0.2099
45.450,0.9982,0.0896,-0.5459,0.0276,0.20,-0.1843,-0.1770,-0.1924
45.550,0.9959,0.0912,-0.5520,0.0279,0.20,-0.1678,-0.1617,-0.1745
45.650,0.9937,0.0928,-0.5576,0.0281,0.20,-0.1514,-0.1464,-0.1568
45.750,0.9914,0.0944,-0.5631,0.0281,0.20,-0.1360,-0.1319,-0.1403
45.850,0.9891,0.0960,-0.5681,0.0281,0.20,-0.1206,-0.1173,-0.1240
45.950,0.9867,0.0976,-0.5728,0.0282,0.20,-0.1054,-0.1029,-0.1080
46.050,0.9844,0.0992,-0.5771,0.0283,0.20,-0.0906,-0.0888,-0.0925
46.150,0.9821,0.1008,-0.5812,0.0284,0.20,-0.0762,-0.0749,-0.0775
46.250,0.9797,0.1024,-0.5850,0.0284,0.20,-0.0621,-0.0613,-0.0630
46.350,0.9773,0.1040,-0.5885,0.0285,0.20,-0.0484,-0.0479,-0.0490
46.450,0.9750,0.1056,-0.5917,0.0286,0.20,-0.0351,-0.0348,-0.0354
46.550,0.9726,0.1071,-0.5946,0.0286,0.20,-0.0221,-0.0220,-0.0222
46.650,0.9702,0.1087,-0.5972,0.0286,0.20,-0.0095,-0.0095,-0.0095
46.750,0.9678,0.1102,-0.5995,0.0287,0.20,0.0028,0.0028,0.0028
46.850,0.9653,0.1118,-0.6016,0.0287,0.20,0.0147,0.0147,0.0146
46.950,0.9629,0.1133,-0.6034,0.0287,0.20,0.0262,0.0264,0.0261
47.050,0.9605,0.1149,-0.6049,0.0288,0.20,0.0375,0.0379,0.0372
47.150,0.9580,0.1164,-0.6063,0.0291,0.20,0.0500,0.0506,0.0495
47.250,0.9555,0.1179,-0.6078,0.0293,0.20,0.0611,0.0620,0.0602
47.350,0.9530,0.1194,-0.6084,0.0297,0.20,0.0686,0.0697,0.0676
47.450,0.9504,0.1209,-0.6084,0.0298,0.20,0.0773,0.0787,0.0760
47.550,0.9478,0.1223,-0.6081,0.0298,0.20,0.0859,0.0876,0.0842
47.650,0.9452,0.1238,-0.6077,0.0298,0.20,0.0942,0.0963,0.0922
47.750,0.9426,0.1252,-0.6071,0.0298,0.20,0.1023,0.1047,0.0999
47.850,0.9400,0.1266,-0.6064,0.0298,0.20,0.1100,0.1129,0.1073
47.950,0.9374,0.1280,-0.6054,0.0299,0.20,0.1178,0.1211,0.1147
48.050,0.9347,0.1294,-0.6043,0.0298,0.20,0.1250,0.1286,0.1215
48.150,0.9321,0.1308,-0.6031,0.0298,0.20,0.1319,0.1360,0.1280
48.250,0.9295,0.1321,-0.6016,0.0298,0.20,0.1386,0.1431,0.1343
48.350,0.9268,0.1335,-0.6001,0.0298,0.20,0.1450,0.1499,0.1404
48.450,0.9242,0.1348,-0.5983,0.0298,0.20,0.1512,0.1566,0.1461
48.550,0.9215,0.1361,-0.5965,0.0299,0.20,0.1576,0.1634,0.1521
48.650,0.9189,0.1374,-0.5944,0.0298,0.20,0.1632,0.1695,0.1574
48.750,0.9162,0.1387,-0.5923,0.0298,0.20,0.1687,0.1754,0.1625
48.850,0.9135,0.1400,-0.5900,0.0298,0.20,0.1739,0.1811,0.1673
48.950,0.9109,0.1412,-0.5875,0.0298,0.20,0.1790,0.1865,0.1720
49.050,0.9082,0.1425,-0.5850,0.0298,0.20,0.1840,0.1920,0.1766
49.150,0.9055,0.1437,-0.5823,0.0298,0.20,0.1886,0.1970,0.1808
49.250,0.9028,0.1449,-0.5795,0.0298,0.20,0.1929,0.2018,0.1849
49.350,0.9001,0.1461,-0.5766,0.0298,0.20,0.1977,0.2069,0.1892
49.450,0.8975,0.1473,-0.5736,0.0297,0.20,0.2018,0.2114,0.1930
49.550,0.8948,0.1485,-0.5704,0.0297,0.20,0.2056,0.2156,0.1965
49.650,0.8921,0.1496,-0.5672,0.0297,0.20,0.2092,0.2196,0.1998
49.750,0.8894,0.1508,-0.5638,0.0297,0.20,0.2126,0.2233,0.2029
49.850,0.8867,0.1519,-0.5604,0.0297,0.20,0.2158,0.2269,0.2058
49.950,0.8840,0.1530,-0.5569,0.0297,0.20,0.2188,0.2302,0.2085
50.050,0.8812,0.1541,-0.5533,0.0297,0.20,0.2217,0.2333,0.2111
50.150,0.8785,0.1552,-0.5496,0.0297,0.20,0.2243,0.2363,0.2135
50.250,0.8758,0.1563,-0.5459,0.0297,0.20,0.2269,0.2391,0.2159
50.350,0.8731,0.1573,-0.5421,0.0296,0.20,0.2294,0.2418,0.2181
50.450,0.8704,0.1584,-0.5382,0.0296,0.20,0.2316,0.2444,0.2202
50.550,0.8677,0.1594,-0.5343,0.0296,0.20,0.2338,0.2467,0.2221
50.650,0.8649,0.1604,-0.5303,0.0296,0.20,0.2358,0.2490,0.2240
50.750,0.8622,0.1614,-0.5262,0.0296,0.20,0.2373,0.2507,0.2253
50.850,0.8595,0.1624,-0.5221,0.0297,0.20,0.2391,0.2527,0.2269
50.950,0.8567,0.1634,-0.5180,0.0297,0.20,0.2409,0.2546,0.2285
51.050,0.8540,0.1643,-0.5138,0.0297,0.20,0.2423,0.2563,0.2298
51.150,0.8512,0.1653,-0.5095,0.0297,0.20,0.2436,0.2576,0.2309
51.250,0.8485,0.1662,-0.5052,0.0297,0.20,0.2447,0.2589,0.2319
51.350,0.8457,0.1671,-0.5009,0.0297,0.20,0.2458,0.2601,0.2329
51.450,0.8430,0.1680,-0.4966,0.0297,0.20,0.2468,0.2612,0.2338
51.550,0.8402,0.1689,-0.4922,0.0297,0.20,0.2476,0.2622,0.2345
51.650,0.8374,0.1698,-0.4878,0.0297,0.20,0.2483,0.2630,0.2352
51.750,0.8347,0.1706,-0.4834,0.0297,0.20,0.2489,0.2637,0.2358
51.850,0.8319,0.1715,-0.4789,0.0297,0.20,0.2495,0.2642,0.2362
51.950,0.8291,0.1723,-0.4744,0.0297,0.20,0.2499,0.2647,0.2366
52.050,0.8263,0.1732,-0.4699,0.0297,0.20,0.2502,0.2651,0.2369
52.150,0.8236,0.1740,-0.4654,0.0297,0.20,0.2504,0.2653,0.2371
52.250,0.8208,0.1748,-0.4609,0.0297,0.20,0.2507,0.2656,0.2373
52.350,0.8180,0.1756,-0.4563,0.0296,0.20,0.2506,0.2655,0.2373
52.450,0.8152,0.1763,-0.4518,0.0296,0.20,0.2504,0.2653,0.2371
52.550,0.8124,0.1771,-0.4472,0.0297,0.20,0.2506,0.2655,0.2372
52.650,0.8096,0.1778,-0.4426,0.0296,0.20,0.2505,0.2654,0.2372
52.750,0.8068,0.1786,-0.4381,0.0297,0.20,0.2498,0.2646,0.2365
52.850,0.8040,0.1793,-0.4335,0.0297,0.20,0.2488,0.2635,0.2356
52.950,0.8012,0.1800,-0.4289,0.0297,0.20,0.2482,0.2628,0.2350
53.050,0.7984,0.1807,-0.4244,0.0297,0.20,0.2476,0.2621,0.2345
53.150,0.7956,0.1814,-0.4198,0.0297,0.20,0.2470,0.2615,0.2340
53.250,0.7928,0.1821,-0.4152,0.0297,0.20,0.2466,0.2610,0.2336
53.350,0.7900,0.1828,-0.4106,0.0297,0.20,0.2460,0.2604,0.2332
53.450,0.7872,0.1834,-0.4060,0.0297,0.20,0.2455,0.2598,0.2326
53.550,0.7844,0.1841,-0.4014,0.0297,0.20,0.2448,0.2590,0.2320
53.650,0.7816,0.1847,-0.3968,0.0297,0.20,0.2437,0.2578,0.2311
53.750,0.7788,0.1854,-0.3923,0.0297,0.20,0.2426,0.2566,0.2300
53.850,0.7759,0.1860,-0.3877,0.0297,0.20,0.2415,0.2553,0.2290
53.950,0.7731,0.1866,-0.3831,0.0298,0.20,0.2401,0.2538,0.2278
54.050,0.7703,0.1872,-0.3786,0.0298,0.20,0.2388,0.2524,0.2267
54.150,0.7675,0.1878,-0.3741,0.0299,0.20,0.2372,0.2505,0.2252
54.250,0.7647,0.1883,-0.3695,0.0300,0.20,0.2354,0.2486,0.2236
54.350,0.7618,0.1889,-0.3651,0.0299,0.20,0.2351,0.2482,0.2233
54.450,0.7590,0.1895,-0.3607,0.0298,0.20,0.2358,0.2490,0.2239
54.550,0.7562,0.1900,-0.3562,0.0296,0.20,0.2355,0.2486,0.2236
54.650,0.7533,0.1906,-0.3517,0.0296,0.20,0.2351,0.2482,0.2232
54.750,0.7505,0.1911,-0.3473,0.0295,0.20,0.2338,0.2467,0.2221
54.850,0.7477,0.1917,-0.3429,0.0295,0.20,0.2328,0.2457,0.2212
54.950,0.7448,0.1922,-0.3385,0.0295,0.20,0.2318,0.2445,0.2203
55.050,0.7420,0.1927,-0.3341,0.0294,0.20,0.2305,0.2431,0.2191
55.150,0.7391,0.1932,-0.3298,0.0295,0.20,0.2291,0.2415,0.2178
55.250,0.7363,0.1937,-0.3255,0.0294,0.20,0.2276,0.2399,0.2165
55.350,0.7335,0.1942,-0.3212,0.0294,0.20,0.2262,0.2383,0.2152
55.450,0.7306,0.1947,-0.3169,0.0294,0.20,0.2248,0.2367,0.2139
55.550,0.7278,0.1951,-0.3126,0.0294,0.20,0.2233,0.2351,0.2126
55.650,0.7249,0.1956,-0.3084,0.0294,0.20,0.2219,0.2335,0.2113
55.750,0.7220,0.1961,-0.3042,0.0294,0.20,0.2204,0.2319,0.2100
55.850,0.7192,0.1965,-0.3000,0.0294,0.20,0.2189,0.2302,0.2086
55.950,0.7163,0.1969,-0.2958,0.0294,0.20,0.2174,0.2286,0.2072
56.050,0.7135,0.1974,-0.2916,0.0293,0.20,0.2156,0.2266,0.2056
56.150,0.7106,0.1978,-0.2875,0.0293,0.20,0.2138,0.2246,0.2039
56.250,0.7078,0.1982,-0.2834,0.0294,0.20,0.2119,0.2226,0.2022
56.350,0.7049,0.1986,-0.2794,0.0294,0.20,0.2101,0.2206,0.2006
56.450,0.7020,0.1990,-0.2754,0.0294,0.20,0.2083,0.2186,0.1989
56.550,0.6992,0.1994,-0.2713,0.0294,0.20,0.2065,0.2166,0.1973
56.650,0.6963,0.1998,-0.2674,0.0294,0.20,0.2047,0.2146,0.1956
56.750,0.6934,0.2001,-0.2634,0.0294,0.20,0.2028,0.2126,0.1939
56.850,0.6906,0.2005,-0.2595,0.0294,0.20,0.2009,0.2105,0.1922
56.950,0.6877,0.2008,-0.2556,0.0294,0.20,0.1991,0.2085,0.1905
57.050,0.6848,0.2012,-0.2518,0.0294,0.20,0.1972,0.2064,0.1888
57.150,0.6820,0.2015,-0.2479,0.0294,0.20,0.1954,0.2044,0.1871
57.250,0.6791,0.2019,-0.2441,0.0294,0.20,0.1936,0.2025,0.1855
57.350,0.6762,0.2022,-0.2404,0.0294,0.20,0.1918,0.2005,0.1839
57.450,0.6733,0.2025,-0.2367,0.0294,0.20,0.1900,0.1986,0.1822
57.550,0.6705,0.2028,-0.2330,0.0294,0.20,0.1882,0.1966,0.1805
57.650,0.6676,0.2032,-0.2293,0.0294,0.20,0.1864,0.1946,0.1789
57.750,0.6647,0.2035,-0.2257,0.0294,0.20,0.1846,0.1927,0.1772
57.850,0.6618,0.2038,-0.2221,0.0294,0.20,0.1828,0.1907,0.1755
57.950,0.6589,0.2040,-0.2185,0.0294,0.20,0.1810,0.1887,0.1739
58.050,0.6561,0.2043,-0.2150,0.0294,0.20,0.1792,0.1868,0.1722
58.150,0.6532,0.2046,-0.2115,0.0294,0.20,0.1773,0.1848,0.1705
58.250,0.6503,0.2049,-0.2081,0.0295,0.20,0.1766,0.1840,0.1698
58.350,0.6474,0.2052,-0.2045,0.0294,0.20,0.1753,0.1825,0.1686
58.450,0.6445,0.2054,-0.2011,0.0293,0.20,0.1735,0.1806,0.1669
58.550,0.6416,0.2057,-0.1977,0.0293,0.20,0.1716,0.1785,0.1651
58.650,0.6387,0.2059,-0.1943,0.0293,0.20,0.1697,0.1765,0.1634
58.750,0.6358,0.2062,-0.1909,0.0293,0.20,0.1679,0.1745,0.1617
58.850,0.6330,0.2064,-0.1876,0.0293,0.20,0.1660,0.1725,0.1599
58.950,0.6301,0.2067,-0.1843,0.0293,0.20,0.1641,0.1705,0.1582
59.050,0.6272,0.2069,-0.1810,0.0293,0.20,0.1620,0.1682,0.1562
59.150,0.6243,0.2071,-0.1777,0.0294,0.20,0.1598,0.1659,0.1542
59.250,0.6214,0.2073,-0.1745,0.0294,0.20,0.1578,0.1636,0.1523
59.350,0.6185,0.2076,-0.1714,0.0294,0.20,0.1557,0.1614,0.1504
59.450,0.6156,0.2078,-0.1682,0.0294,0.20,0.1536,0.1592,0.1484
59.550,0.6127,0.2080,-0.1651,0.0294,0.20,0.1515,0.1569,0.1465
59.650,0.6098,0.2082,-0.1621,0.0294,0.20,0.1498,0.1551,0.1448
59.750,0.6069,0.2084,-0.1590,0.0294,0.20,0.1478,0.1530,0.1430
59.850,0.6040,0.2085,-0.1560,0.0294,0.20,0.1458,0.1508,0.1412
59.950,0.6011,0.2087,-0.1531,0.0294,0.20,0.1439,0.1488,0.1393
60.050,0.5982,0.2089,-0.1501,0.0294,0.20,0.1419,0.1466,0.1375
60.150,0.5953,0.2091,-0.1473,0.0294,0.20,0.1400,0.1446,0.1356
60.250,0.5924,0.2092,-0.1444,0.0294,0.20,0.1380,0.1425,0.1338
60.350,0.5895,0.2094,-0.1416,0.0295,0.20,0.1361,0.1405,0.1320
60.450,0.5866,0.2096,-0.1388,0.0295,0.20,0.1342,0.1384,0.1302
60.550,0.5837,0.2097,-0.1360,0.0295,0.20,0.1323,0.1364,0.1284
60.650,0.5808,0.2099,-0.1333,0.0295,0.20,0.1304,0.1344,0.1267
60.750,0.5779,0.2100,-0.1306,0.0295,0.20,0.1286,0.1325,0.1249
60.850,0.5750,0.2101,-0.1280,0.0295,0.20,0.1268,0.1306,0.1232
60.950,0.5721,0.2103,-0.1254,0.0295,0.20,0.1250,0.1287,0.1215
61.050,0.5692,0.2104,-0.1228,0.0295,0.20,0.1236,0.1272,0.1202
61.150,0.5662,0.2106,-0.1203,0.0294,0.20,0.1221,0.1256,0.1188
61.250,0.5633,0.2107,-0.1178,0.0294,0.20,0.1205,0.1239,0.1173
61.350,0.5604,0.2108,-0.1153,0.0294,0.20,0.1189,0.1222,0.1158
61.450,0.5575,0.2109,-0.1129,0.0294,0.20,0.1173,0.1205,0.1142
61.550,0.5546,0.2110,-0.1105,0.0294,0.20,0.1157,0.1188,0.1127
61.650,0.5517,0.2112,-0.1081,0.0294,0.20,0.1141,0.1171,0.1112
61.750,0.5488,0.2113,-0.1058,0.0293,0.20,0.1125,0.1155,0.1097
61.850,0.5459,0.2114,-0.1035,0.0293,0.20,0.1109,0.1138,0.1082
61.950,0.5430,0.2115,-0.1012,0.0293,0.20,0.1093,0.1121,0.1067
62.050,0.5401,0.2116,-0.0990,0.0293,0.20,0.1077,0.1105,0.1052
62.150,0.5371,0.2117,-0.0968,0.0293,0.20,0.1062,0.1088,0.1037
62.250,0.5342,0.2118,-0.0946,0.0293,0.20,0.1046,0.1072,0.1022
62.350,0.5313,0.2119,-0.0925,0.0293,0.20,0.1031,0.1056,0.1007
62.450,0.5284,0.2119,-0.0904,0.0293,0.20,0.1016,0.1040,0.0993
62.550,0.5255,0.2120,-0.0883,0.0293,0.20,0.1000,0.1024,0.0978
62.650,0.5226,0.2121,-0.0863,0.0293,0.20,0.0985,0.1008,0.0963
62.750,0.5197,0.2122,-0.0843,0.0293,0.20,0.0970,0.0992,0.0949
62.850,0.5167,0.2123,-0.0823,0.0293,0.20,0.0955,0.0976,0.0935
62.950,0.5138,0.2123,-0.0803,0.0293,0.20,0.0940,0.0961,0.0920
63.050,0.5109,0.2124,-0.0784,0.0292,0.20,0.0925,0.0945,0.0906
63.150,0.5080,0.2125,-0.0765,0.0292,0.20,0.0910,0.0930,0.0892
63.250,0.5051,0.2125,-0.0746,0.0292,0.20,0.0896,0.0914,0.0878
63.350,0.5022,0.2126,-0.0728,0.0292,0.20,0.0881,0.0899,0.0864
63.450,0.4992,0.2127,-0.0710,0.0292,0.20,0.0867,0.0884,0.0850
63.550,0.4963,0.2127,-0.0692,0.0292,0.20,0.0852,0.0869,0.0836
63.650,0.4934,0.2128,-0.0675,0.0292,0.20,0.0838,0.0854,0.0822
63.750,0.4905,0.2128,-0.0658,0.0292,0.20,0.0824,0.0840,0.0809
63.850,0.4876,0.2129,-0.0641,0.0292,0.20,0.0810,0.0825,0.0795
63.950,0.4846,0.2129,-0.0624,0.0292,0.20,0.0796,0.0811,0.0782
64.050,0.4817,0.2130,-0.0608,0.0292,0.20,0.0782,0.0797,0.0769
64.150,0.4788,0.2130,-0.0592,0.0292,0.20,0.0769,0.0783,0.0755
64.250,0.4759,0.2130,-0.0576,0.0292,0.20,0.0755,0.0769,0.0742
64.350,0.4730,0.2131,-0.0560,0.0292,0.20,0.0742,0.0755,0.0730
64.450,0.4700,0.2131,-0.0545,0.0292,0.20,0.0729,0.0741,0.0717
64.550,0.4671,0.2131,-0.0530,0.0292,0.20,0.0716,0.0727,0.0704
64.650,0.4642,0.2132,-0.0515,0.0292,0.20,0.0703,0.0714,0.0692
64.750,0.4613,0.2132,-0.0501,0.0292,0.20,0.0690,0.0701,0.0679
64.850,0.4584,0.2132,-0.0487,0.0292,0.20,0.0677,0.0688,0.0667
64.950,0.4554,0.2133,-0.0473,0.0292,0.20,0.0665,0.0675,0.0655
65.050,0.4525,0.2133,-0.0459,0.0292,0.20,0.0652,0.0662,0.0643
65.150,0.4496,0.2133,-0.0446,0.0292,0.20,0.0640,0.0649,0.0631
65.250,0.4467,0.2133,-0.0432,0.0292,0.20,0.0628,0.0637,0.0619
65.350,0.4437,0.2133,-0.0419,0.0292,0.20,0.0616,0.0625,0.0607
65.450,0.4408,0.2134,-0.0407,0.0292,0.20,0.0604,0.0612,0.0596
65.550,0.4379,0.2134,-0.0394,0.0292,0.20,0.0592,0.0600,0.0584
65.650,0.4350,0.2134,-0.0382,0.0292,0.20,0.0581,0.0589,0.0573
65.750,0.4321,0.2134,-0.0370,0.0292,0.20,0.0569,0.0577,0.0562
65.850,0.4291,0.2134,-0.0358,0.0292,0.20,0.0559,0.0566,0.0552
65.950,0.4262,0.2134,-0.0346,0.0292,0.20,0.0546,0.0553,0.0539
66.050,0.4233,0.2134,-0.0335,0.0292,0.20,0.0536,0.0543,0.0530
66.150,0.4204,0.2134,-0.0323,0.0292,0.20,0.0523,0.0529,0.0517
66.250,0.4174,0.2134,-0.0312,0.0292,0.20,0.0512,0.0518,0.0506
66.350,0.4145,0.2134,-0.0301,0.0292,0.20,0.0502,0.0508,0.0496
66.450,0.4116,0.2134,-0.0290,0.0293,0.20,0.0498,0.0504,0.0493
66.550,0.4087,0.2134,-0.0281,0.0294,0.20,0.0481,0.0486,0.0476
66.650,0.4057,0.2134,-0.0271,0.0293,0.20,0.0472,0.0477,0.0467
66.750,0.4028,0.2134,-0.0261,0.0293,0.20,0.0458,0.0463,0.0453
66.850,0.3999,0.2134,-0.0250,0.0292,0.20,0.0447,0.0452,0.0442
66.950,0.3969,0.2134,-0.0240,0.0292,0.20,0.0437,0.0442,0.0433
67.050,0.3940,0.2134,-0.0230,0.0292,0.20,0.0432,0.0436,0.0427
67.150,0.3911,0.2134,-0.0220,0.0292,0.20,0.0430,0.0435,0.0426
67.250,0.3882,0.2134,-0.0210,0.0292,0.20,0.0431,0.0435,0.0427
67.350,0.3852,0.2134,-0.0201,0.0292,0.20,0.0437,0.0442,0.0433
67.450,0.3823,0.2134,-0.0191,0.0292,0.20,0.0443,0.0447,0.0438
67.550,0.3794,0.2134,-0.0182,0.0292,0.20,0.0444,0.0449,0.0440
67.650,0.3765,0.2133,-0.0173,0.0292,0.20,0.0436,0.0440,0.0432
67.750,0.3735,0.2133,-0.0165,0.0293,0.20,0.0420,0.0425,0.0416
67.850,0.3706,0.2133,-0.0158,0.0293,0.20,0.0407,0.0410,0.0403
67.950,0.3677,0.2133,-0.0150,0.0293,0.20,0.0395,0.0399,0.0392
68.050,0.3648,0.2133,-0.0143,0.0293,0.20,0.0385,0.0389,0.0382
68.150,0.3618,0.2133,-0.0133,0.0296,0.20,0.0410,0.0414,0.0406
68.250,0.3589,0.2133,-0.0122,0.0302,0.20,0.0490,0.0495,0.0484
68.350,0.3559,0.2132,-0.0117,0.0310,0.20,0.0472,0.0477,0.0467
68.450,0.3530,0.2132,-0.0112,0.0307,0.20,0.0422,0.0426,0.0418
68.550,0.3501,0.2132,-0.0106,0.0305,0.20,0.0413,0.0417,0.0409
68.650,0.3472,0.2132,-0.0099,0.0306,0.20,0.0415,0.0419,0.0411
68.750,0.3443,0.2132,-0.0093,0.0306,0.20,0.0411,0.0414,0.0407
68.850,0.3413,0.2131,-0.0087,0.0306,0.20,0.0404,0.0408,0.0400
68.950,0.3384,0.2131,-0.0081,0.0306,0.20,0.0397,0.0401,0.0393
69.050,0.3355,0.2131,-0.0076,0.0306,0.20,0.0390,0.0394,0.0387
69.150,0.3325,0.2131,-0.0070,0.0306,0.20,0.0384,0.0387,0.0380
69.250,0.3296,0.2130,-0.0064,0.0306,0.20,0.0377,0.0380,0.0374
69.350,0.3267,0.2130,-0.0059,0.0306,0.20,0.0370,0.0374,0.0367
69.450,0.3238,0.2130,-0.0054,0.0306,0.20,0.0364,0.0367,0.0361
69.550,0.3208,0.2130,-0.0049,0.0306,0.20,0.0357,0.0360,0.0354
69.650,0.3179,0.2130,-0.0044,0.0306,0.20,0.0350,0.0353,0.0347
69.750,0.3150,0.2129,-0.0039,0.0306,0.20,0.0344,0.0347,0.0342
69.850,0.3121,0.2129,-0.0034,0.0306,0.20,0.0339,0.0341,0.0336
69.950,0.3091,0.2129,-0.0030,0.0306,0.20,0.0333,0.0335,0.0330
70.050,0.3062,0.2129,-0.0025,0.0306,0.20,0.0327,0.0330,0.0325
70.150,0.3033,0.2128,-0.0021,0.0306,0.20,0.0321,0.0324,0.0319
70.250,0.3003,0.2128,-0.0017,0.0306,0.20,0.0316,0.0318,0.0314
70.350,0.2974,0.2128,-0.0013,0.0306,0.20,0.0310,0.0313,0.0308
70.450,0.2945,0.2128,-0.0009,0.0306,0.20,0.0305,0.0307,0.0303
70.550,0.2916,0.2127,-0.0005,0.0306,0.20,0.0300,0.0302,0.0298
70.650,0.2886,0.2127,-0.0001,0.0306,0.20,0.0295,0.0297,0.0293
70.750,0.2857,0.2127,0.0003,0.0306,0.20,0.0290,0.0292,0.0288
70.850,0.2828,0.2126,0.0006,0.0306,0.20,0.0285,0.0287,0.0283
70.950,0.2799,0.2126,0.0010,0.0306,0.20,0.0280,0.0282,0.0278
71.050,0.2769,0.2126,0.0013,0.0306,0.20,0.0275,0.0277,0.0273
71.150,0.2740,0.2126,0.0016,0.0306,0.20,0.0271,0.0272,0.0269
71.250,0.2711,0.2125,0.0020,0.0306,0.20,0.0266,0.0268,0.0264
71.350,0.2681,0.2125,0.0023,0.0306,0.20,0.0262,0.0263,0.0260
71.450,0.2652,0.2125,0.0026,0.0306,0.20,0.0257,0.0259,0.0256
71.550,0.2623,0.2125,0.0029,0.0305,0.20,0.0252,0.0253,0.0250
71.650,0.2594,0.2124,0.0032,0.0304,0.20,0.0247,0.0248,0.0245
71.750,0.2564,0.2124,0.0034,0.0304,0.20,0.0242,0.0244,0.0241
71.850,0.2535,0.2124,0.0037,0.0304,0.20,0.0239,0.0240,0.0237
71.950,0.2506,0.2123,0.0040,0.0304,0.20,0.0235,0.0236,0.0233
72.050,0.2477,0.2123,0.0042,0.0304,0.20,0.0231,0.0232,0.0230
72.150,0.2447,0.2123,0.0045,0.0304,0.20,0.0227,0.0228,0.0226
72.250,0.2418,0.2123,0.0047,0.0304,0.20,0.0223,0.0224,0.0222
72.350,0.2389,0.2122,0.0049,0.0304,0.20,0.0219,0.0221,0.0218
72.450,0.2359,0.2122,0.0051,0.0304,0.20,0.0216,0.0217,0.0215
72.550,0.2330,0.2122,0.0054,0.0304,0.20,0.0213,0.0214,0.0212
72.650,0.2301,0.2122,0.0056,0.0304,0.20,0.0209,0.0210,0.0208
72.750,0.2272,0.2121,0.0058,0.0304,0.20,0.0206,0.0207,0.0205
72.850,0.2242,0.2121,0.0059,0.0304,0.20,0.0203,0.0204,0.0202
72.950,0.2213,0.2121,0.0061,0.0304,0.20,0.0199,0.0200,0.0198
73.050,0.2184,0.2120,0.0063,0.0304,0.20,0.0196,0.0197,0.0195
73.150,0.2155,0.2120,0.0065,0.0304,0.20,0.0193,0.0194,0.0192
73.250,0.2125,0.2120,0.0066,0.0304,0.20,0.0190,0.0191,0.0189
73.350,0.2096,0.2120,0.0068,0.0304,0.20,0.0187,0.0188,0.0187
73.450,0.2067,0.2119,0.0069,0.0304,0.20,0.0185,0.0185,0.0184
73.550,0.2037,0.2119,0.0071,0.0304,0.20,0.0182,0.0183,0.0181
73.650,0.2008,0.2119,0.0072,0.0304,0.20,0.0179,0.0180,0.0178
73.750,0.1979,0.2118,0.0074,0.0304,0.20,0.0176,0.0177,0.0176
73.850,0.1950,0.2118,0.0075,0.0304,0.20,0.0174,0.0175,0.0173
73.950,0.1920,0.2118,0.0076,0.0304,0.20,0.0171,0.0172,0.0171
74.050,0.1891,0.2118,0.0077,0.0304,0.20,0.0169,0.0169,0.0168
74.150,0.1862,0.2117,0.0078,0.0304,0.20,0.0166,0.0167,0.0166
74.250,0.1832,0.2117,0.0079,0.0304,0.20,0.0164,0.0165,0.0163
74.350,0.1803,0.2117,0.0080,0.0304,0.20,0.0162,0.0162,0.0161
74.450,0.1774,0.2117,0.0081,0.0304,0.20,0.0160,0.0160,0.0159
74.550,0.1745,0.2116,0.0082,0.0304,0.20,0.0157,0.0158,0.0157
74.650,0.1715,0.2116,0.0083,0.0304,0.20,0.0155,0.0156,0.0155
74.750,0.1686,0.2116,0.0084,0.0304,0.20,0.0153,0.0154,0.0153
74.850,0.1657,0.2116,0.0085,0.0304,0.20,0.0151,0.0152,0.0151
74.950,0.1628,0.2115,0.0086,0.0304,0.20,0.0149,0.0150,0.0149
75.050,0.1598,0.2115,0.0086,0.0304,0.20,0.0147,0.0148,0.0147
75.150,0.1569,0.2115,0.0087,0.0304,0.20,0.0145,0.0146,0.0145
75.250,0.1540,0.2114,0.0088,0.0304,0.20,0.0144,0.0144,0.0143
75.350,0.1510,0.2114,0.0088,0.0304,0.20,0.0142,0.0142,0.0141
75.450,0.1481,0.2114,0.0089,0.0304,0.20,0.0140,0.0140,0.0140
75.550,0.1452,0.2114,0.0089,0.0304,0.20,0.0138,0.0139,0.0138
75.650,0.1423,0.2113,0.0090,0.0304,0.20,0.0137,0.0137,0.0136
75.750,0.1393,0.2113,0.0090,0.0304,0.20,0.0135,0.0136,0.0135
75.850,0.1364,0.2113,0.0091,0.0304,0.20,0.0134,0.0134,0.0133
75.950,0.1335,0.2113,0.0091,0.0304,0.20,0.0132,0.0132,0.0132
76.050,0.1305,0.2112,0.0091,0.0304,0.20,0.0131,0.0131,0.0130
76.150,0.1276,0.2112,0.0092,0.0304,0.20,0.0129,0.0130,0.0129
76.250,0.1247,0.2112,0.0092,0.0304,0.20,0.0128,0.0128,0.0127
76.350,0.1218,0.2112,0.0092,0.0304,0.20,0.0126,0.0127,0.0126
76.450,0.1188,0.2112,0.0092,0.0304,0.20,0.0125,0.0126,0.0125
76.550,0.1159,0.2111,0.0092,0.0304,0.20,0.0124,0.0124,0.0124
76.650,0.1130,0.2111,0.0093,0.0304,0.20,0.0123,0.0123,0.0122
76.750,0.1101,0.2111,0.0093,0.0304,0.20,0.0121,0.0122,0.0121
76.850,0.1071,0.2111,0.0093,0.0304,0.20,0.0120,0.0121,0.0120
76.950,0.1042,0.2110,0.0093,0.0304,0.20,0.0119,0.0119,0.0119
77.050,0.1013,0.2110,0.0093,0.0304,0.20,0.0118,0.0118,0.0118
77.150,0.0983,0.2110,0.0093,0.0304,0.20,0.0117,0.0117,0.0117
77.250,0.0954,0.2110,0.0093,0.0304,0.20,0.0116,0.0116,0.0116
77.350,0.0925,0.2109,0.0093,0.0304,0.20,0.0115,0.0115,0.0115
77.450,0.0896,0.2109,0.0093,0.0304,0.20,0.0114,0.0114,0.0114
77.550,0.0866,0.2109,0.0093,0.0304,0.20,0.0113,0.0113,0.0113
77.650,0.0837,0.2109,0.0093,0.0304,0.20,0.0112,0.0113,0.0112
77.750,0.0808,0.2109,0.0093,0.0304,0.20,0.0111,0.0112,0.0111
77.850,0.0778,0.2108,0.0093,0.0304,0.20,0.0111,0.0111,0.0110
77.950,0.0749,0.2108,0.0093,0.0304,0.20,0.0110,0.0110,0.0109
78.050,0.0720,0.2108,0.0093,0.0304,0.20,0.0109,0.0109,0.0109
78.150,0.0691,0.2108,0.0092,0.0304,0.20,0.0108,0.0108,0.0108
78.250,0.0661,0.2107,0.0092,0.0304,0.20,0.0107,0.0108,0.0107
78.350,0.0632,0.2107,0.0092,0.0304,0.20,0.0107,0.0107,0.0106
78.450,0.0603,0.2107,0.0092,0.0304,0.20,0.0106,0.0106,0.0106
78.550,0.0574,0.2107,0.0092,0.0304,0.20,0.0105,0.0106,0.0105
78.650,0.0544,0.2107,0.0091,0.0304,0.20,0.0105,0.0105,0.0105
78.750,0.0515,0.2106,0.0091,0.0304,0.20,0.0104,0.0104,0.0104
78.850,0.0486,0.2106,0.0091,0.0304,0.20,0.0104,0.0104,0.0103
78.950,0.0456,0.2106,0.0091,0.0304,0.20,0.0103,0.0103,0.0103
79.050,0.0427,0.2106,0.0090,0.0304,0.20,0.0102,0.0103,0.0102
79.150,0.0398,0.2106,0.0090,0.0304,0.20,0.0102,0.0102,0.0102
79.250,0.0369,0.2105,0.0090,0.0304,0.20,0.0101,0.0102,0.0101
79.350,0.0339,0.2105,0.0089,0.0304,0.20,0.0101,0.0101,0.0101
79.450,0.0310,0.2105,0.0089,0.0304,0.20,0.0101,0.0101,0.0100
79.550,0.0281,0.2105,0.0089,0.0304,0.20,0.0100,0.0100,0.0100
79.650,0.0251,0.2105,0.0088,0.0304,0.20,0.0100,0.0100,0.0099
79.750,0.0222,0.2104,0.0088,0.0304,0.20,0.0099,0.0100,0.0099
79.850,0.0193,0.2104,0.0088,0.0304,0.20,0.0099,0.0099,0.0099
79.950,0.0164,0.2104,0.0087,0.0304,0.20,0.0099,0.0099,0.0098
80.050,0.0134,0.2104,0.0087,0.0304,0.20,0.0098,0.0098,0.0098
80.150,0.0105,0.2104,0.0086,0.0304,0.20,0.0098,0.0098,0.0098
80.250,0.0076,0.2104,0.0086,0.0304,0.20,0.0098,0.0098,0.0097
80.350,0.0047,0.2103,0.0086,0.0304,0.20,0.0097,0.0098,0.0097
80.450,0.0017,0.2103,0.0085,0.0304,0.20,0.0097,0.0097,0.0097
80.550,-0.0012,0.2103,0.0085,0.0304,0.20,0.0097,0.0097,0.0097
80.650,-0.0041,0.2103,0.0084,0.0304,0.20,0.0097,0.0097,0.0096
80.750,-0.0071,0.2103,0.0084,0.0304,0.20,0.0096,0.0097,0.0096
80.850,-0.0100,0.2102,0.0084,0.0304,0.20,0.0096,0.0096,0.0096
80.950,-0.0129,0.2102,0.0083,0.0304,0.20,0.0096,0.0096,0.0096
81.050,-0.0158,0.2102,0.0083,0.0304,0.20,0.0096,0.0096,0.0096
81.150,-0.0188,0.2102,0.0082,0.0304,0.20,0.0096,0.0096,0.0095
81.250,-0.0217,0.2102,0.0082,0.0304,0.20,0.0096,0.0096,0.0095
81.350,-0.0246,0.2102,0.0081,0.0304,0.20,0.0095,0.0096,0.0095
81.450,-0.0276,0.2101,0.0081,0.0304,0.20,0.0095,0.0095,0.0095
81.550,-0.0305,0.2101,0.0080,0.0304,0.20,0.0095,0.0095,0.0095
81.650,-0.0334,0.2101,0.0080,0.0304,0.20,0.0095,0.0095,0.0095
81.750,-0.0363,0.2101,0.0079,0.0304,0.20,0.0095,0.0095,0.0094
81.850,-0.0393,0.2101,0.0079,0.0304,0.20,0.0095,0.0095,0.0094
81.950,-0.0422,0.2101,0.0078,0.0304,0.20,0.0094,0.0095,0.0094
82.050,-0.0451,0.2101,0.0078,0.0304,0.20,0.0094,0.0095,0.0094
82.150,-0.0480,0.2100,0.0077,0.0304,0.20,0.0094,0.0094,0.0094
82.250,-0.0510,0.2100,0.0077,0.0304,0.20,0.0094,0.0094,0.0094
82.350,-0.0539,0.2100,0.0077,0.0304,0.20,0.0094,0.0094,0.0094
82.450,-0.0568,0.2100,0.0076,0.0304,0.20,0.0094,0.0095,0.0094
82.550,-0.0598,0.2100,0.0076,0.0304,0.20,0.0094,0.0095,0.0094
82.650,-0.0627,0.2100,0.0075,0.0304,0.20,0.0094,0.0095,0.0094
82.750,-0.0656,0.2099,0.0075,0.0304,0.20,0.0094,0.0094,0.0094
82.850,-0.0685,0.2099,0.0074,0.0304,0.20,0.0094,0.0094,0.0094
82.950,-0.0715,0.2099,0.0074,0.0304,0.20,0.0094,0.0094,0.0094
83.050,-0.0744,0.2099,0.0073,0.0304,0.20,0.0094,0.0094,0.0094
83.150,-0.0773,0.2099,0.0073,0.0304,0.20,0.0094,0.0094,0.0094
83.250,-0.0802,0.2099,0.0072,0.0304,0.20,0.0094,0.0094,0.0094
83.350,-0.0832,0.2099,0.0072,0.0304,0.20,0.0094,0.0095,0.0094
83.450,-0.0861,0.2098,0.0071,0.0304,0.20,0.0094,0.0095,0.0094
83.550,-0.0890,0.2098,0.0071,0.0304,0.20,0.0094,0.0095,0.0094
83.650,-0.0920,0.2098,0.0070,0.0304,0.20,0.0094,0.0095,0.0094
83.750,-0.0949,0.2098,0.0070,0.0304,0.20,0.0094,0.0095,0.0094
83.850,-0.0978,0.2098,0.0069,0.0304,0.20,0.0095,0.0095,0.0094
83.950,-0.1007,0.2098,0.0069,0.0304,0.20,0.0095,0.0095,0.0094
84.050,-0.1037,0.2098,0.0068,0.0304,0.20,0.0095,0.0095,0.0095
84.150,-0.1066,0.2098,0.0068,0.0304,0.20,0.0095,0.0095,0.0095
84.250,-0.1095,0.2097,0.0067,0.0304,0.20,0.0095,0.0095,0.0095
84.350,-0.1125,0.2097,0.0067,0.0304,0.20,0.0095,0.0095,0.0095
84.450,-0.1154,0.2097,0.0066,0.0304,0.20,0.0095,0.0095,0.0095
84.550,-0.1183,0.2097,0.0066,0.0304,0.20,0.0095,0.0096,0.0095
84.650,-0.1212,0.2097,0.0065,0.0304,0.20,0.0095,0.0096,0.0095
84.750,-0.1242,0.2097,0.0065,0.0304,0.20,0.0096,0.0096,0.0095
84.850,-0.1271,0.2097,0.0064,0.0304,0.20,0.0096,0.0096,0.0095
84.950,-0.1300,0.2097,0.0064,0.0304,0.20,0.0096,0.0096,0.0095
85.050,-0.1329,0.2096,0.0064,0.0304,0.20,0.0096,0.0096,0.0096
85.150,-0.1359,0.2096,0.0063,0.0304,0.20,0.0096,0.0096,0.0096
85.250,-0.1388,0.2096,0.0063,0.0304,0.20,0.0096,0.0096,0.0096
85.350,-0.1417,0.2096,0.0062,0.0304,0.20,0.0096,0.0097,0.0096
85.450,-0.1447,0.2096,0.0062,0.0304,0.20,0.0097,0.0097,0.0096
85.550,-0.1476,0.2096,0.0061,0.0304,0.20,0.0097,0.0097,0.0096
85.650,-0.1505,0.2096,0.0061,0.0304,0.20,0.0097,0.0097,0.0097
85.750,-0.1534,0.2096,0.0060,0.0304,0.20,0.0097,0.0097,0.0097
85.850,-0.1564,0.2096,0.0060,0.0304,0.20,0.0097,0.0097,0.0097
85.950,-0.1593,0.2095,0.0059,0.0304,0.20,0.0097,0.0097,0.0097
86.050,-0.1622,0.2095,0.0059,0.0304,0.20,0.0097,0.0097,0.0097
86.150,-0.1651,0.2095,0.0059,0.0304,0.20,0.0097,0.0098,0.0097
86.250,-0.1681,0.2095,0.0058,0.0304,0.20,0.0098,0.0098,0.0097
86.350,-0.1710,0.2095,0.0058,0.0304,0.20,0.0098,0.0098,0.0097
86.450,-0.1739,0.2095,0.0057,0.0304,0.20,0.0098,0.0098,0.0098
86.550,-0.1769,0.2095,0.0057,0.0304,0.20,0.0098,0.0098,0.0098
86.650,-0.1798,0.2095,0.0057,0.0304,0.20,0.0098,0.0098,0.0098
86.750,-0.1827,0.2095,0.0056,0.0304,0.20,0.0098,0.0098,0.0098
86.850,-0.1856,0.2094,0.0056,0.0304,0.20,0.0098,0.0099,0.0098
86.950,-0.1886,0.2094,0.0055,0.0304,0.20,0.0098,0.0099,0.0098
87.050,-0.1915,0.2094,0.0055,0.0304,0.20,0.0099,0.0099,0.0098
87.150,-0.1944,0.2094,0.0054,0.0304,0.20,0.0099,0.0099,0.0098
87.250,-0.1974,0.2094,0.0054,0.0304,0.20,0.0099,0.0099,0.0099
87.350,-0.2003,0.2094,0.0054,0.0304,0.20,0.0099,0.0099,0.0099
87.450,-0.2032,0.2094,0.0053,0.0304,0.20,0.0099,0.0099,0.0099
87.550,-0.2061,0.2094,0.0053,0.0304,0.20,0.0099,0.0099,0.0099
87.650,-0.2091,0.2094,0.0053,0.0304,0.20,0.0099,0.0099,0.0099
87.750,-0.2120,0.2094,0.0052,0.0304,0.20,0.0099,0.0099,0.0099
87.850,-0.2149,0.2093,0.0052,0.0304,0.20,0.0099,0.0099,0.0099
87.950,-0.2179,0.2093,0.0051,0.0305,0.20,0.0109,0.0110,0.0109
88.050,-0.2208,0.2093,0.0051,0.0305,0.20,0.0114,0.0115,0.0114
88.150,-0.2237,0.2093,0.0051,0.0305,0.20,0.0114,0.0115,0.0114
88.250,-0.2266,0.2093,0.0050,0.0305,0.20,0.0114,0.0114,0.0113
88.350,-0.2296,0.2093,0.0050,0.0305,0.20,0.0114,0.0114,0.0113
88.450,-0.2325,0.2093,0.0049,0.0305,0.20,0.0114,0.0114,0.0114
88.550,-0.2354,0.2093,0.0049,0.0305,0.20,0.0114,0.0114,0.0114
88.650,-0.2383,0.2093,0.0049,0.0305,0.20,0.0114,0.0115,0.0114
88.750,-0.2413,0.2093,0.0048,0.0305,0.20,0.0114,0.0115,0.0114
88.850,-0.2442,0.2093,0.0048,0.0305,0.20,0.0115,0.0115,0.0114
88.950,-0.2471,0.2093,0.0048,0.0305,0.20,0.0115,0.0115,0.0115
89.050,-0.2501,0.2092,0.0047,0.0305,0.20,0.0115,0.0115,0.0115
89.150,-0.2530,0.2092,0.0047,0.0305,0.20,0.0115,0.0116,0.0115
89.250,-0.2559,0.2092,0.0047,0.0305,0.20,0.0116,0.0116,0.0115
89.350,-0.2588,0.2092,0.0047,0.0305,0.20,0.0116,0.0116,0.0115
89.450,-0.2618,0.2092,0.0046,0.0305,0.20,0.0116,0.0116,0.0116
89.550,-0.2647,0.2092,0.0046,0.0305,0.20,0.0116,0.0116,0.0116
89.650,-0.2676,0.2092,0.0046,0.0305,0.20,0.0116,0.0117,0.0116
89.750,-0.2705,0.2092,0.0045,0.0305,0.20,0.0117,0.0117,0.0116
89.850,-0.2735,0.2092,0.0045,0.0305,0.20,0.0117,0.0117,0.0116
89.950,-0.2764,0.2092,0.0045,0.0305,0.20,0.0117,0.0117,0.0117
90.050,-0.2793,0.2092,0.0044,0.0305,0.20,0.0117,0.0118,0.0117
90.150,-0.2823,0.2091,0.0044,0.0305,0.20,0.0117,0.0118,0.0117
90.250,-0.2852,0.2091,0.0044,0.0305,0.20,0.0118,0.0118,0.0117
90.350,-0.2881,0.2091,0.0044,0.0305,0.20,0.0118,0.0118,0.0118
90.450,-0.2910,0.2091,0.0043,0.0305,0.20,0.0118,0.0118,0.0118
90.550,-0.2940,0.2091,0.0043,0.0305,0.20,0.0118,0.0119,0.0118
90.650,-0.2969,0.2091,0.0043,0.0305,0.20,0.0118,0.0119,0.0118
90.750,-0.2998,0.2091,0.0043,0.0305,0.20,0.0119,0.0119,0.0118
90.850,-0.3028,0.2091,0.0042,0.0305,0.20,0.0119,0.0119,0.0119
90.950,-0.3057,0.2091,0.0042,0.0305,0.20,0.0119,0.0119,0.0119
91.050,-0.3086,0.2091,0.0042,0.0305,0.20,0.0119,0.0120,0.0119
91.150,-0.3115,0.2091,0.0042,0.0305,0.20,0.0119,0.0120,0.0119
91.250,-0.3145,0.2091,0.0041,0.0305,0.20,0.0120,0.0120,0.0119
91.350,-0.3174,0.2091,0.0041,0.0305,0.20,0.0120,0.0120,0.0119
91.450,-0.3203,0.2090,0.0041,0.0305,0.20,0.0120,0.0120,0.0120
91.550,-0.3232,0.2090,0.0041,0.0305,0.20,0.0120,0.0120,0.0120
91.650,-0.3262,0.2090,0.0040,0.0305,0.20,0.0120,0.0120,0.0120
91.750,-0.3291,0.2090,0.0040,0.0305,0.20,0.0120,0.0121,0.0120
91.850,-0.3320,0.2090,0.0040,0.0305,0.20,0.0120,0.0121,0.0120
91.950,-0.3350,0.2090,0.0040,0.0305,0.20,0.0121,0.0121,0.0120
92.050,-0.3379,0.2090,0.0039,0.0305,0.20,0.0121,0.0122,0.0121
92.150,-0.3408,0.2090,0.0039,0.0305,0.20,0.0122,0.0122,0.0121
92.250,-0.3437,0.2090,0.0039,0.0305,0.20,0.0121,0.0122,0.0121
92.350,-0.3467,0.2090,0.0039,0.0305,0.20,0.0121,0.0122,0.0121
92.450,-0.3496,0.2090,0.0039,0.0305,0.20,0.0122,0.0122,0.0121
92.550,-0.3525,0.2090,0.0038,0.0305,0.20,0.0122,0.0122,0.0121
92.650,-0.3554,0.2090,0.0038,0.0305,0.20,0.0122,0.0122,0.0121
92.750,-0.3584,0.2089,0.0038,0.0305,0.20,0.0122,0.0122,0.0122
92.850,-0.3613,0.2089,0.0038,0.0305,0.20,0.0122,0.0122,0.0122
92.950,-0.3642,0.2089,0.0038,0.0305,0.20,0.0122,0.0122,0.0122
93.050,-0.3672,0.2089,0.0037,0.0305,0.20,0.0122,0.0123,0.0122
93.150,-0.3701,0.2089,0.0037,0.0305,0.20,0.0122,0.0123,0.0122
93.250,-0.3730,0.2089,0.0037,0.0305,0.20,0.0122,0.0123,0.0122
93.350,-0.3759,0.2089,0.0037,0.0305,0.20,0.0122,0.0123,0.0122
93.450,-0.3789,0.2089,0.0037,0.0305,0.20,0.0123,0.0123,0.0122
93.550,-0.3818,0.2089,0.0036,0.0305,0.20,0.0123,0.0123,0.0122
93.650,-0.3847,0.2089,0.0036,0.0305,0.20,0.0123,0.0123,0.0122
93.750,-0.3877,0.2089,0.0036,0.0305,0.20,0.0123,0.0123,0.0122
93.850,-0.3906,0.2089,0.0036,0.0305,0.20,0.0123,0.0123,0.0123
93.950,-0.3935,0.2089,0.0036,0.0305,0.20,0.0123,0.0123,0.0123
94.050,-0.3964,0.2089,0.0036,0.0305,0.20,0.0123,0.0123,0.0123
94.150,-0.3994,0.2088,0.0035,0.0305,0.20,0.0123,0.0123,0.0123
94.250,-0.4023,0.2088,0.0035,0.0305,0.20,0.0123,0.0124,0.0123
94.350,-0.4052,0.2088,0.0035,0.0305,0.20,0.0123,0.0124,0.0123
94.450,-0.4081,0.2088,0.0035,0.0305,0.20,0.0123,0.0124,0.0123
94.550,-0.4111,0.2088,0.0035,0.0305,0.20,0.0123,0.0124,0.0123
94.650,-0.4140,0.2088,0.0035,0.0305,0.20,0.0123,0.0124,0.0123
94.750,-0.4169,0.2088,0.0035,0.0305,0.20,0.0123,0.0124,0.0123
94.850,-0.4199,0.2088,0.0034,0.0305,0.20,0.0124,0.0124,0.0123
94.950,-0.4228,0.2088,0.0034,0.0305,0.20,0.0124,0.0124,0.0123
95.050,-0.4257,0.2088,0.0034,0.0305,0.20,0.0124,0.0124,0.0123
95.150,-0.4286,0.2088,0.0034,0.0305,0.20,0.0124,0.0124,0.0123
95.250,-0.4316,0.2088,0.0034,0.0305,0.20,0.0124,0.0124,0.0123
95.350,-0.4345,0.2088,0.0034,0.0305,0.20,0.0124,0.0124,0.0123
95.450,-0.4374,0.2088,0.0034,0.0305,0.20,0.0124,0.0124,0.0124
95.550,-0.4403,0.2088,0.0033,0.0305,0.20,0.0124,0.0124,0.0124
95.650,-0.4433,0.2087,0.0033,0.0305,0.20,0.0124,0.0124,0.0124
95.750,-0.4462,0.2087,0.0033,0.0305,0.20,0.0124,0.0124,0.0124
95.850,-0.4491,0.2087,0.0033,0.0305,0.20,0.0124,0.0124,0.0124
95.950,-0.4521,0.2087,0.0033,0.0305,0.20,0.0124,0.0125,0.0124
96.050,-0.4550,0.2087,0.0033,0.0305,0.20,0.0124,0.0125,0.0124
96.150,-0.4579,0.2087,0.0033,0.0305,0.20,0.0124,0.0125,0.0124
96.250,-0.4608,0.2087,0.0033,0.0305,0.20,0.0124,0.0125,0.0124
96.350,-0.4638,0.2087,0.0033,0.0305,0.20,0.0124,0.0125,0.0124
96.450,-0.4667,0.2087,0.0032,0.0305,0.20,0.0124,0.0125,0.0124
96.550,-0.4696,0.2087,0.0032,0.0305,0.20,0.0124,0.0125,0.0124
96.650,-0.4725,0.2087,0.0032,0.0305,0.20,0.0124,0.0125,0.0124
96.750,-0.4755,0.2087,0.0032,0.0305,0.20,0.0125,0.0125,0.0124
96.850,-0.4784,0.2087,0.0032,0.0305,0.20,0.0125,0.0125,0.0124
96.950,-0.4813,0.2087,0.0032,0.0305,0.20,0.0125,0.0125,0.0124
97.050,-0.4843,0.2087,0.0032,0.0305,0.20,0.0125,0.0125,0.0124
97.150,-0.4872,0.2086,0.0032,0.0305,0.20,0.0125,0.0125,0.0124
97.250,-0.4901,0.2086,0.0032,0.0305,0.20,0.0125,0.0125,0.0124
97.350,-0.4930,0.2086,0.0031,0.0305,0.20,0.0125,0.0125,0.0124
97.450,-0.4960,0.2086,0.0031,0.0305,0.20,0.0125,0.0125,0.0124
97.550,-0.4989,0.2086,0.0031,0.0305,0.20,0.0125,0.0125,0.0125
97.650,-0.5018,0.2086,0.0031,0.0305,0.20,0.0125,0.0125,0.0125
97.750,-0.5048,0.2086,0.0031,0.0305,0.20,0.0125,0.0125,0.0125
97.850,-0.5077,0.2086,0.0031,0.0305,0.20,0.0125,0.0125,0.0125
97.950,-0.5106,0.2086,0.0031,0.0305,0.20,0.0125,0.0125,0.0125
98.050,-0.5135,0.2086,0.0031,0.0305,0.20,0.0125,0.0125,0.0125
98.150,-0.5165,0.2086,0.0031,0.0305,0.20,0.0125,0.0125,0.0125
98.250,-0.5194,0.2086,0.0031,0.0305,0.20,0.0125,0.0125,0.0125
98.350,-0.5223,0.2086,0.0031,0.0305,0.20,0.0125,0.0126,0.0125
98.450,-0.5252,0.2086,0.0031,0.0305,0.20,0.0125,0.0126,0.0125
98.550,-0.5282,0.2086,0.0030,0.0305,0.20,0.0125,0.0126,0.0125
98.650,-0.5311,0.2086,0.0030,0.0305,0.20,0.0125,0.0126,0.0125
98.750,-0.5340,0.2085,0.0030,0.0305,0.20,0.0125,0.0126,0.0125
98.850,-0.5370,0.2085,0.0030,0.0305,0.20,0.0125,0.0126,0.0125
98.950,-0.5399,0.2085,0.0030,0.0305,0.20,0.0125,0.0126,0.0125
99.050,-0.5428,0.2085,0.0030,0.0305,0.20,0.0125,0.0126,0.0125
99.150,-0.5457,0.2085,0.0030,0.0305,0.20,0.0125,0.0126,0.0125
99.250,-0.5487,0.2085,0.0030,0.0305,0.20,0.0125,0.0126,0.0125
99.350,-0.5516,0.2085,0.0030,0.0305,0.20,0.0125,0.0126,0.0125
99.450,-0.5545,0.2085,0.0030,0.0305,0.20,0.0125,0.0126,0.0125
99.550,-0.5574,0.2085,0.0030,0.0305,0.20,0.0126,0.0126,0.0125
99.650,-0.5604,0.2085,0.0030,0.0305,0.20,0.0126,0.0126,0.0125
99.750,-0.5633,0.2085,0.0030,0.0305,0.20,0.0125,0.0126,0.0125
99.850,-0.5662,0.2085,0.0030,0.0305,0.20,0.0125,0.0126,0.0125
99.950,-0.5692,0.2085,0.0029,0.0305,0.20,0.0125,0.0126,0.0125
100.050,-0.5721,0.2085,0.0029,0.0305,0.20,0.0125,0.0126,0.0125
100.150,-0.5750,0.2085,0.0029,0.0305,0.20,0.0125,0.0126,0.0125
100.250,-0.5779,0.2085,0.0029,0.0305,0.20,0.0125,0.0126,0.0125
100.350,-0.5809,0.2084,0.0029,0.0305,0.20,0.0125,0.0126,0.0125
100.450,-0.5838,0.2084,0.0029,0.0305,0.20,0.0125,0.0126,0.0125
100.550,-0.5867,0.2084,0.0029,0.0305,0.20,0.0125,0.0126,0.0125
100.650,-0.5896,0.2084,0.0029,0.0305,0.20,0.0125,0.0126,0.0125
100.750,-0.5926,0.2084,0.0029,0.0305,0.20,0.0125,0.0126,0.0125
100.850,-0.5955,0.2084,0.0029,0.0305,0.20,0.0125,0.0126,0.0125
100.950,-0.5984,0.2084,0.0029,0.0305,0.20,0.0125,0.0125,0.0125
101.050,-0.6014,0.2084,0.0029,0.0305,0.20,0.0125,0.0125,0.0125
101.150,-0.6043,0.2084,0.0029,0.0305,0.20,0.0125,0.0125,0.0125
101.250,-0.6072,0.2084,0.0029,0.0305,0.20,0.0125,0.0125,0.0125
101.350,-0.6101,0.2084,0.0029,0.0305,0.20,0.0125,0.0125,0.0125
101.450,-0.6131,0.2084,0.0029,0.0305,0.20,0.0125,0.0125,0.0125
101.550,-0.6160,0.2084,0.0029,0.0305,0.20,0.0125,0.0125,0.0125
101.650,-0.6189,0.2084,0.0029,0.0305,0.20,0.0125,0.0125,0.0125
101.750,-0.6219,0.2084,0.0029,0.0305,0.20,0.0125,0.0125,0.0124
101.850,-0.6248,0.2084,0.0029,0.0305,0.20,0.0125,0.0125,0.0124
101.950,-0.6277,0.2083,0.0028,0.0305,0.20,0.0125,0.0125,0.0124
102.050,-0.6306,0.2083,0.0028,0.0305,0.20,0.0125,0.0125,0.0124
102.150,-0.6336,0.2083,0.0028,0.0305,0.20,0.0125,0.0125,0.0124
102.250,-0.6365,0.2083,0.0028,0.0305,0.20,0.0125,0.0125,0.0124
102.350,-0.6394,0.2083,0.0028,0.0305,0.20,0.0125,0.0125,0.0124
102.450,-0.6423,0.2083,0.0028,0.0305,0.20,0.0125,0.0125,0.0124
102.550,-0.6453,0.2083,0.0028,0.0305,0.20,0.0125,0.0125,0.0124
102.650,-0.6482,0.2083,0.0028,0.0305,0.20,0.0124,0.0125,0.0124
102.750,-0.6511,0.2083,0.0028,0.0305,0.20,0.0124,0.0125,0.0124
102.850,-0.6541,0.2083,0.0028,0.0305,0.20,0.0124,0.0125,0.0124
102.950,-0.6570,0.2083,0.0028,0.0305,0.20,0.0124,0.0125,0.0124
103.050,-0.6599,0.2083,0.0028,0.0305,0.20,0.0124,0.0125,0.0124
103.150,-0.6628,0.2083,0.0028,0.0305,0.20,0.0124,0.0125,0.0124
103.250,-0.6658,0.2083,0.0028,0.0305,0.20,0.0124,0.0125,0.0124
103.350,-0.6687,0.2083,0.0028,0.0305,0.20,0.0124,0.0125,0.0124
103.450,-0.6716,0.2083,0.0028,0.0305,0.20,0.0124,0.0124,0.0124
103.550,-0.6745,0.2083,0.0028,0.0305,0.20,0.0124,0.0124,0.0124
103.650,-0.6775,0.2082,0.0028,0.0305,0.20,0.0124,0.0124,0.0124
103.750,-0.6804,0.2082,0.0028,0.0305,0.20,0.0124,0.0124,0.0124
103.850,-0.6833,0.2082,0.0028,0.0305,0.20,0.0124,0.0124,0.0124
103.950,-0.6863,0.2082,0.0028,0.0305,0.20,0.0124,0.0124,0.0124
104.050,-0.6892,0.2082,0.0028,0.0305,0.20,0.0124,0.0124,0.0123
104.150,-0.6921,0.2082,0.0028,0.0305,0.20,0.0124,0.0124,0.0123
104.250,-0.6950,0.2082,0.0028,0.0305,0.20,0.0124,0.0124,0.0123
104.350,-0.6980,0.2082,0.0028,0.0305,0.20,0.0124,0.0124,0.0123
104.450,-0.7009,0.2082,0.0028,0.0305,0.20,0.0124,0.0124,0.0123
104.550,-0.7038,0.2082,0.0028,0.0305,0.20,0.0124,0.0124,0.0123
104.650,-0.7067,0.2082,0.0028,0.0305,0.20,0.0124,0.0124,0.0123
104.750,-0.7097,0.2082,0.0028,0.0305,0.20,0.0123,0.0124,0.0123
104.850,-0.7126,0.2082,0.0028,0.0305,0.20,0.0123,0.0124,0.0123
104.950,-0.7155,0.2082,0.0028,0.0305,0.20,0.0123,0.0124,0.0123
105.050,-0.7185,0.2082,0.0028,0.0305,0.20,0.0123,0.0124,0.0123
105.150,-0.7214,0.2082,0.0027,0.0305,0.20,0.0123,0.0123,0.0123
105.250,-0.7243,0.2082,0.0027,0.0305,0.20,0.0123,0.0123,0.0123
105.350,-0.7272,0.2081,0.0027,0.0305,0.20,0.0123,0.0123,0.0123
105.450,-0.7302,0.2081,0.0027,0.0305,0.20,0.0123,0.0123,0.0123
105.550,-0.7331,0.2081,0.0027,0.0305,0.20,0.0123,0.0123,0.0123
105.650,-0.7360,0.2081,0.0027,0.0305,0.20,0.0123,0.0123,0.0122
105.750,-0.7390,0.2081,0.0027,0.0305,0.20,0.0123,0.0123,0.0122
105.850,-0.7419,0.2081,0.0027,0.0305,0.20,0.0123,0.0123,0.0122
105.950,-0.7448,0.2081,0.0027,0.0305,0.20,0.0123,0.0123,0.0122
106.050,-0.7477,0.2081,0.0027,0.0305,0.20,0.0123,0.0123,0.0122
106.150,-0.7507,0.2081,0.0027,0.0305,0.20,0.0122,0.0123,0.0122
106.250,-0.7536,0.2081,0.0027,0.0305,0.20,0.0122,0.0123,0.0122
106.350,-0.7565,0.2081,0.0027,0.0305,0.20,0.0122,0.0123,0.0122
106.450,-0.7594,0.2081,0.0027,0.0305,0.20,0.0122,0.0123,0.0122
106.550,-0.7624,0.2081,0.0027,0.0305,0.20,0.0122,0.0122,0.0122
106.650,-0.7653,0.2080,0.0028,0.0301,0.20,0.0001,0.0001,0.0001
106.750,-0.7682,0.2080,0.0023,0.0293,0.20,-0.0007,-0.0007,-0.0007
106.850,-0.7711,0.2080,0.0022,0.0293,0.20,-0.0006,-0.0006,-0.0006
106.950,-0.7741,0.2080,0.0022,0.0293,0.20,-0.0006,-0.0006,-0.0006
107.050,-0.7770,0.2080,0.0022,0.0293,0.20,-0.0006,-0.0006,-0.0006
107.150,-0.7799,0.2080,0.0022,0.0293,0.20,-0.0006,-0.0006,-0.0006
107.250,-0.7828,0.2080,0.0022,0.0293,0.20,-0.0006,-0.0006,-0.0006
107.350,-0.7858,0.2080,0.0022,0.0293,0.20,-0.0006,-0.0006,-0.0006
107.450,-0.7887,0.2080,0.0022,0.0293,0.20,-0.0006,-0.0006,-0.0006
107.550,-0.7916,0.2079,0.0022,0.0293,0.20,-0.0006,-0.0006,-0.0006
107.650,-0.7946,0.2079,0.0022,0.0293,0.20,-0.0005,-0.0005,-0.0005
107.750,-0.7975,0.2079,0.0022,0.0293,0.20,-0.0005,-0.0005,-0.0005
107.850,-0.8004,0.2079,0.0022,0.0293,0.20,-0.0005,-0.0005,-0.0005
107.950,-0.8033,0.2079,0.0022,0.0293,0.20,-0.0005,-0.0005,-0.0005
108.050,-0.8063,0.2079,0.0022,0.0293,0.20,-0.0005,-0.0005,-0.0005
108.150,-0.8092,0.2079,0.0022,0.0293,0.20,-0.0005,-0.0005,-0.0005
108.250,-0.8121,0.2079,0.0022,0.0293,0.20,-0.0005,-0.0005,-0.0005
108.350,-0.8150,0.2079,0.0022,0.0293,0.20,-0.0005,-0.0005,-0.0005
108.450,-0.8180,0.2079,0.0022,0.0293,0.20,-0.0005,-0.0005,-0.0005
108.550,-0.8209,0.2079,0.0022,0.0293,0.20,-0.0005,-0.0005,-0.0005
108.650,-0.8238,0.2079,0.0021,0.0293,0.20,-0.0005,-0.0005,-0.0005
108.750,-0.8268,0.2079,0.0021,0.0293,0.20,-0.0005,-0.0005,-0.0005
108.850,-0.8297,0.2079,0.0021,0.0293,0.20,-0.0005,-0.0005,-0.0005
108.950,-0.8326,0.2079,0.0021,0.0293,0.20,-0.0005,-0.0005,-0.0005
109.050,-0.8355,0.2079,0.0021,0.0293,0.20,-0.0005,-0.0005,-0.0005
109.150,-0.8385,0.2079,0.0021,0.0293,0.20,-0.0005,-0.0005,-0.0005
109.250,-0.8414,0.2079,0.0021,0.0293,0.20,-0.0005,-0.0005,-0.0005
109.350,-0.8443,0.2078,0.0021,0.0293,0.20,-0.0005,-0.0005,-0.0005
109.450,-0.8473,0.2078,0.0021,0.0293,0.20,-0.0005,-0.0005,-0.0005
109.550,-0.8502,0.2078,0.0021,0.0293,0.20,-0.0004,-0.0004,-0.0004
109.650,-0.8531,0.2078,0.0021,0.0293,0.20,-0.0004,-0.0004,-0.0004
109.750,-0.8560,0.2078,0.0021,0.0293,0.20,-0.0004,-0.0004,-0.0004
109.850,-0.8590,0.2078,0.0021,0.0293,0.20,-0.0004,-0.0004,-0.0004
109.950,-0.8619,0.2078,0.0021,0.0293,0.20,-0.0004,-0.0004,-0.0004
110.050,-0.8648,0.2078,0.0021,0.0293,0.20,-0.0004,-0.0004,-0.0004
110.150,-0.8678,0.2078,0.0021,0.0293,0.20,-0.0004,-0.0004,-0.0004
110.250,-0.8707,0.2078,0.0021,0.0293,0.20,-0.0004,-0.0004,-0.0004
110.350,-0.8736,0.2078,0.0021,0.0293,0.20,-0.0004,-0.0004,-0.0004
110.450,-0.8765,0.2078,0.0021,0.0293,0.20,-0.0004,-0.0004,-0.0004
110.550,-0.8795,0.2078,0.0021,0.0293,0.20,-0.0004,-0.0004,-0.0004
110.650,-0.8824,0.2078,0.0021,0.0293,0.20,-0.0004,-0.0004,-0.0004
110.750,-0.8853,0.2078,0.0021,0.0293,0.20,-0.0004,-0.0004,-0.0004
110.850,-0.8882,0.2078,0.0021,0.0293,0.20,-0.0004,-0.0004,-0.0004
110.950,-0.8912,0.2078,0.0021,0.0293,0.20,-0.0004,-0.0004,-0.0004
111.050,-0.8941,0.2078,0.0021,0.0293,0.20,-0.0004,-0.0004,-0.0004
111.150,-0.8970,0.2078,0.0021,0.0293,0.20,-0.0004,-0.0004,-0.0004
111.250,-0.9000,0.2077,0.0021,0.0293,0.20,-0.0004,-0.0004,-0.0004
111.350,-0.9029,0.2077,0.0021,0.0293,0.20,-0.0004,-0.0004,-0.0004
111.450,-0.9058,0.2077,0.0021,0.0293,0.20,-0.0004,-0.0004,-0.0004
111.550,-0.9087,0.2077,0.0021,0.0293,0.20,-0.0004,-0.0004,-0.0004
111.650,-0.9117,0.2077,0.0021,0.0293,0.20,-0.0004,-0.0004,-0.0004
111.750,-0.9146,0.2077,0.0021,0.0293,0.20,-0.0004,-0.0004,-0.0004
111.850,-0.9175,0.2077,0.0021,0.0293,0.20,-0.0004,-0.0004,-0.0004
111.950,-0.9205,0.2077,0.0021,0.0293,0.20,-0.0004,-0.0004,-0.0004
112.050,-0.9234,0.2077,0.0021,0.0293,0.20,-0.0004,-0.0004,-0.0004
112.150,-0.9263,0.2077,0.0021,0.0293,0.20,-0.0004,-0.0004,-0.0004
112.250,-0.9292,0.2077,0.0021,0.0293,0.20,-0.0004,-0.0004,-0.0004
112.350,-0.9322,0.2077,0.0021,0.0293,0.20,-0.0004,-0.0004,-0.0004
112.450,-0.9351,0.2077,0.0021,0.0293,0.20,-0.0004,-0.0004,-0.0004
112.550,-0.9380,0.2077,0.0021,0.0293,0.20,-0.0004,-0.0004,-0.0004
112.650,-0.9410,0.2077,0.0021,0.0293,0.20,-0.0004,-0.0004,-0.0004
112.750,-0.9439,0.2077,0.0021,0.0293,0.20,-0.0004,-0.0004,-0.0004
112.850,-0.9468,0.2077,0.0021,0.0293,0.20,-0.0004,-0.0004,-0.0004
112.950,-0.9497,0.2077,0.0021,0.0293,0.20,-0.0004,-0.0004,-0.0004
113.050,-0.9527,0.2076,0.0021,0.0293,0.20,-0.0004,-0.0004,-0.0004
113.150,-0.9556,0.2076,0.0021,0.0293,0.20,-0.0004,-0.0004,-0.0004
113.250,-0.9585,0.2076,0.0021,0.0293,0.20,-0.0003,-0.0003,-0.0003
113.350,-0.9614,0.2076,0.0021,0.0293,0.20,-0.0003,-0.0003,-0.0003
113.450,-0.9644,0.2076,0.0021,0.0293,0.20,-0.0003,-0.0003,-0.0003
113.550,-0.9673,0.2076,0.0021,0.0293,0.20,-0.0003,-0.0003,-0.0003
113.650,-0.9702,0.2076,0.0021,0.0293,0.20,-0.0003,-0.0003,-0.0003
113.750,-0.9732,0.2076,0.0021,0.0293,0.20,-0.0003,-0.0003,-0.0003
113.850,-0.9761,0.2076,0.0021,0.0293,0.20,-0.0003,-0.0003,-0.0003
113.950,-0.9790,0.2076,0.0021,0.0293,0.20,-0.0003,-0.0003,-0.0003
114.050,-0.9819,0.2076,0.0021,0.0293,0.20,-0.0003,-0.0003,-0.0003
114.150,-0.9849,0.2076,0.0020,0.0293,0.20,-0.0003,-0.0003,-0.0003
114.250,-0.9878,0.2076,0.0020,0.0293,0.20,-0.0003,-0.0003,-0.0003
114.350,-0.9907,0.2076,0.0020,0.0293,0.20,-0.0003,-0.0003,-0.0003
114.450,-0.9937,0.2076,0.0020,0.0293,0.20,-0.0003,-0.0003,-0.0003
114.550,-0.9966,0.2076,0.0020,0.0293,0.20,-0.0003,-0.0003,-0.0003
114.650,-0.9995,0.2076,0.0020,0.0293,0.20,-0.0003,-0.0003,-0.0003
114.750,-1.0024,0.2076,0.0020,0.0293,0.20,-0.0003,-0.0003,-0.0003
114.850,-1.0054,0.2076,0.0020,0.0293,0.20,-0.0003,-0.0003,-0.0003
114.950,-1.0083,0.2075,0.0020,0.0293,0.20,-0.0003,-0.0003,-0.0003
115.050,-1.0112,0.2075,0.0020,0.0293,0.20,-0.0003,-0.0003,-0.0003
115.150,-1.0141,0.2075,0.0020,0.0293,0.20,-0.0003,-0.0003,-0.0003
115.250,-1.0171,0.2075,0.0020,0.0293,0.20,-0.0003,-0.0003,-0.0003
115.350,-1.0200,0.2075,0.0020,0.0293,0.20,-0.0003,-0.0003,-0.0003
115.450,-1.0229,0.2075,0.0020,0.0293,0.20,-0.0003,-0.0003,-0.0003
115.550,-1.0259,0.2075,0.0020,0.0293,0.20,-0.0003,-0.0003,-0.0003
115.650,-1.0288,0.2075,0.0020,0.0293,0.20,-0.0003,-0.0003,-0.0003
115.750,-1.0317,0.2075,0.0020,0.0293,0.20,-0.0003,-0.0003,-0.0003
115.850,-1.0346,0.2075,0.0020,0.0293,0.20,-0.0003,-0.0003,-0.0003
115.950,-1.0376,0.2075,0.0020,0.0293,0.20,-0.0003,-0.0003,-0.0003
116.050,-1.0405,0.2075,0.0020,0.0293,0.20,-0.0003,-0.0003,-0.0003
116.150,-1.0434,0.2075,0.0020,0.0293,0.20,-0.0003,-0.0003,-0.0003
116.250,-1.0464,0.2075,0.0020,0.0293,0.20,-0.0003,-0.0003,-0.0003
116.350,-1.0493,0.2075,0.0020,0.0293,0.20,-0.0003,-0.0003,-0.0003
116.450,-1.0522,0.2075,0.0020,0.0293,0.20,-0.0003,-0.0003,-0.0003
116.550,-1.0551,0.2075,0.0020,0.0293,0.20,-0.0003,-0.0003,-0.0003
116.650,-1.0581,0.2075,0.0020,0.0293,0.20,-0.0003,-0.0003,-0.0003
116.750,-1.0610,0.2074,0.0020,0.0293,0.20,-0.0003,-0.0003,-0.0003
116.850,-1.0639,0.2074,0.0020,0.0293,0.20,-0.0003,-0.0003,-0.0003
116.950,-1.0668,0.2074,0.0020,0.0293,0.20,-0.0003,-0.0003,-0.0003
117.050,-1.0698,0.2074,0.0020,0.0293,0.20,-0.0003,-0.0003,-0.0003
117.150,-1.0727,0.2074,0.0020,0.0293,0.20,-0.0003,-0.0003,-0.0003
117.250,-1.0756,0.2074,0.0020,0.0293,0.20,-0.0004,-0.0004,-0.0004
117.350,-1.0786,0.2074,0.0020,0.0293,0.20,-0.0004,-0.0004,-0.0004
117.450,-1.0815,0.2074,0.0020,0.0293,0.20,-0.0004,-0.0004,-0.0004
117.550,-1.0844,0.2074,0.0020,0.0293,0.20,-0.0004,-0.0004,-0.0004
117.650,-1.0873,0.2074,0.0020,0.0293,0.20,-0.0004,-0.0004,-0.0004
117.750,-1.0903,0.2074,0.0020,0.0293,0.20,-0.0004,-0.0004,-0.0004
117.850,-1.0932,0.2074,0.0020,0.0293,0.20,-0.0004,-0.0004,-0.0004
117.950,-1.0961,0.2074,0.0020,0.0293,0.20,-0.0004,-0.0004,-0.0004
118.050,-1.0991,0.2074,0.0020,0.0293,0.20,-0.0004,-0.0004,-0.0004
118.150,-1.1020,0.2074,0.0020,0.0293,0.20,-0.0004,-0.0004,-0.0004
118.250,-1.1049,0.2074,0.0020,0.0293,0.20,-0.0004,-0.0004,-0.0004
118.350,-1.1078,0.2074,0.0020,0.0293,0.20,-0.0004,-0.0004,-0.0004
118.450,-1.1108,0.2074,0.0020,0.0293,0.20,-0.0004,-0.0004,-0.0004
118.550,-1.1137,0.2073,0.0020,0.0293,0.20,-0.0004,-0.0004,-0.0004
118.650,-1.1166,0.2073,0.0020,0.0293,0.20,-0.0004,-0.0004,-0.0004
118.750,-1.1195,0.2073,0.0020,0.0293,0.20,-0.0004,-0.0004,-0.0004
118.850,-1.1225,0.2073,0.0020,0.0293,0.20,-0.0004,-0.0004,-0.0004
118.950,-1.1254,0.2073,0.0020,0.0293,0.20,-0.0004,-0.0004,-0.0004
119.050,-1.1283,0.2073,0.0020,0.0293,0.20,-0.0004,-0.0004,-0.0004
119.150,-1.1313,0.2073,0.0020,0.0293,0.20,-0.0004,-0.0004,-0.0004
119.250,-1.1342,0.2073,0.0020,0.0293,0.20,-0.0004,-0.0004,-0.0004
119.350,-1.1371,0.2073,0.0020,0.0293,0.20,-0.0004,-0.0004,-0.0004
119.450,-1.1400,0.2073,0.0020,0.0293,0.20,-0.0004,-0.0004,-0.0004
119.550,-1.1430,0.2073,0.0020,0.0293,0.20,-0.0004,-0.0004,-0.0004
119.650,-1.1459,0.2073,0.0020,0.0293,0.20,-0.0004,-0.0004,-0.0004
119.750,-1.1488,0.2073,0.0020,0.0293,0.20,-0.0004,-0.0004,-0.0004
119.850,-1.1518,0.2073,0.0020,0.0293,0.20,-0.0004,-0.0004,-0.0004
119.950,-1.1547,0.2073,0.0020,0.0293,0.20,-0.0004,-0.0004,-0.0004
